違規案件編號,處分日期,案件狀態,地籍_區,地籍_段,地籍_小段,地籍_地號,違規面積_平方公尺,違規類別,暫停開發兩年,暫停開發到期日,罰鍰金額
TT10600001,,,北投,湖山,一,457,350,未經申請開挖整地,,,0
TT10700001,,,北投,泉源,四,;232;,125,,,,0
AF10801001,,結案,北投,行義,四,71,0,未依技術規範實施,,,0
AF10710002,,結案,士林,天玉,一,187,396,未依技術規範實施,,,0
AF10710001,,結案,北投,行義,一,18080,0,未依技術規範實施,,,0
AF10711001,,結案,士林,芝蘭,三,268,53,未依技術規範實施,,,0
IT10800002,,,內湖,碧山,三,283-1,26,未經申請開挖整地,,,0
IT11000005,,,南港,麗山,四,235,0,,,,0
IT11200001,,,內湖,碧山,二,388,220,未經申請開挖闢路,,,60000
TT10700002,1993/3/1,結案,內湖,碧山,一,;200;,0,堆積土石,,,0
CA08407001,1995/7/31,結案,北投,泉源,三,318,200,未經申請開挖整地,,,60000
CA08408001,1995/8/28,結案,士林,新安,三,;518;,600,未經申請開挖整地,,,80000
CA08409001,1995/9/20,結案,士林,新安,四,;27;,105,其他,,,60000
CA08409002,1995/9/23,結案,文山,指南,二,;477;,390,未經申請開挖整地,,,60000
CA08409003,1995/9/26,結案,內湖,大湖,四,;46;,600,未經申請開挖整地,,,80000
CA08409005,1995/9/26,結案,士林,新安,三,;518;,600,未依規定期限改正,,,100000
CA08409004,1995/9/26,結案,信義,吳興,二,;648;,1500,未經申請開挖整地,,,80000
CA08409007,1995/9/27,結案,文山,老泉,一,402,3600,未經申請開挖整地,,,60000
CA08409006,1995/9/27,結案,內湖,石潭,一,;110;,3000,堆積土石,,,60000
CA08409008,1995/9/30,結案,北投,崇仰,三,;226;,1400,其他,,,100000
CA08410001,1995/10/7,結案,士林,新安,三,;265;,75,未經申請開挖整地,,,60000
CA08411001,1995/11/4,結案,北投,崇仰,三,;226;,1400,未依規定期限改正,,,150000
CA08411002,1995/11/6,結案,北投,大屯,四,;510;,150,其他,,,60000
CA08411003,1995/11/9,結案,北投,泉源,二,;675;,200,堆積土石,,,60000
CA08411004,1995/11/10,結案,文山,萬芳,一,;1;,400,堆積土石,,,60000
CA08411005,1995/11/16,結案,南港,中南,一,;481;,300,堆積土石,,,60000
CA08411006,1995/11/17,結案,文山,指南,二,;477;,390,未依規定期限改正,,,80000
CA08411007,1995/11/20,結案,士林,力行,二,139-39,200,未經申請開挖整地,,,60000
CA08411008,1995/11/28,結案,士林,新安,三,;518;,600,未依規定期限改正,,,150000
CA08412001,1995/12/20,結案,士林,翠山,一,;126;,600,其他,,,60000
CA08501001,1996/1/5,結案,士林,新安,四,;315;,120,其他,,,60000
CA08501002,1996/1/5,結案,士林,翠山,一,;126;,800,未依規定期限改正,,,80000
CA08501003,1996/1/11,結案,北投,行義,一,273,4000,未經申請開挖整地,,,300000
CA08501004,1996/1/12,結案,文山,指南,二,;53;,350,未經申請開挖整地,,,60000
CA08501005,1996/1/15,結案,士林,菁山,一,;377;,150,未經申請開挖整地,,,60000
CA08501007,1996/1/17,結案,北投,大屯,四,;510;,150,未依規定期限改正,,,80000
CA08501008,1996/1/19,結案,信義,永春,三,;59;,10,未經申請開挖整地,,,60000
CA08501009,1996/1/19,結案,中山,北安,一,;72;,800,未經申請開挖闢路,,,80000
CA08501010,1996/1/24,結案,士林,新安,三,;598;,105,未經申請開挖整地,,,60000
CA08501011,1996/1/30,結案,文山,博嘉,四,;;預定市地重劃區;;,90,未經申請開挖整地,,,60000
CA08501012,1996/1/31,續予處分,士林,溪山,三,75,300,未經申請開挖整地,,,60000
CA08501013,1996/1/31,結案,南港,新光,二,;486;,30,未經申請開挖闢路,,,60000
CA08502002,1996/2/1,結案,北投,秀山,三,;353;,800,未經申請開挖整地,,,80000
CA08502001,1996/2/1,結案,士林,芝蘭,三,;438;,400,其他,,,60000
CA08502003,1996/2/8,結案,文山,萬芳,一,;1;,400,未依規定期限改正,,,80000
CA08502004,1996/2/8,結案,北投,關渡,三,;380;,36,未經申請開挖整地,,,60000
CA08502006,1996/2/13,結案,文山,指南,四,;165;,120,未經申請開挖闢路,,,60000
CA08502005,1996/2/13,結案,士林,芝蘭,四,;278;,100,未依技術規範實施,,,60000
CA08502007,1996/2/14,結案,北投,湖田,二,;642;,35,未經申請開挖整地,,,60000
CA08502008,1996/2/16,結案,北投,崇仰,三,;226;,1400,未依規定期限改正,,,200000
CA08502009,1996/2/23,結案,文山,興安,三,;8-1;,2025,未經申請開挖整地,,,150000
CA08502010,1996/2/26,結案,文山,博嘉,三,;829;,140,其他,,,60000
CA08502011,1996/2/27,結案,士林,溪山,一,;105;,300,其他,,,60000
CA08503001,1996/3/4,結案,士林,芝蘭,三,;438;,400,未依規定期限改正,,,80000
CA08503002,1996/3/6,結案,北投,行義,一,;50;,45,其他,,,60000
CA08503004,1996/3/6,結案,內湖,康寧,三,;430;,80,其他,,,60000
CA08503003,1996/3/6,結案,內湖,石潭,一,;110;,3000,未依規定期限改正,,,60000
CA08503006,1996/3/7,結案,北投,泉源,三,;1;,200,未經申請開挖整地,,,60000
CA08503005,1996/3/7,結案,北投,大屯,四,;510;,150,未依規定期限改正,,,100000
CA08503007,1996/3/9,結案,文山,指南,二,;53;,350,未依規定期限改正,,,80000
CA08503008,1996/3/9,結案,北投,關渡,三,;380;,36,未依規定期限改正,,,80000
CA08503009,1996/3/11,結案,士林,溪山,一,;9;,150,未經申請開挖整地,,,60000
CA08503010,1996/3/11,撤銷,內湖,大湖,三,;370;,1000,堆積土石,,,80000
CA08503011,1996/3/13,結案,士林,芝蘭,四,167,400,未經申請開挖整地,,,60000
CA08503012,1996/3/16,撤銷,士林,力行,二,139-39,200,未依規定期限改正,,,80000
CA08503013,1996/3/19,結案,士林,新安,四,;294;,50,未經申請開挖整地,,,60000
CA08503015,1996/3/22,結案,士林,天玉,三,;383;,200,未經申請開挖整地,,,60000
CA08503014,1996/3/22,結案,士林,新安,三,;598;,105,未依規定期限改正,,,80000
CA08504001,1996/4/5,結案,士林,溪山,三,75,300,未依規定期限改正,,,80000
CA08504002,1996/4/6,結案,內湖,大湖,四,;87;,1000,未經申請開挖整地,,,80000
CA08504003,1996/4/9,結案,士林,菁山,二,;36;,150,未經申請開挖整地,,,60000
CA08504004,1996/4/11,結案,文山,指南,四,;165;,120,未依規定期限改正,,,80000
CA08504005,1996/4/12,結案,士林,平等,二,;555;,100,其他,,,60000
CA08504006,1996/4/12,結案,內湖,碧湖,一,;138-2;,20,其他,,,60000
CA08504007,1996/4/15,結案,文山,興安,三,;8-1;,2025,未依規定期限改正,,,200000
CA08504008,1996/4/15,結案,士林,華岡,一,;515;,300,未經申請開挖整地,,,60000
CA08504009,1996/4/16,結案,文山,萬芳,一,;1;,400,未依規定期限改正,,,100000
CA08504010,1996/4/19,續予處分,內湖,碧山,一,;402;,80,未經申請開挖整地,,,60000
CA08504011,1996/4/19,結案,南港,新光,二,;486;,30,未經申請開挖闢路,,,80000
CA08505001,1996/5/4,結案,士林,翠山,二,;228;,50,未經申請開挖整地,,,60000
CA08505002,1996/5/7,結案,士林,翠山,二,;355;,500,堆積土石,,,60000
CA08505003,1996/5/9,撤銷,士林,福林,二,;493;,100,其他,,,60000
CA08505004,1996/5/10,結案,內湖,碧山,三,;319-2;,200,未經申請開挖闢路,,,60000
CA08505005,1996/5/14,撤銷,內湖,大湖,三,;370;,1000,未依規定期限改正,,,100000
CA08505006,1996/5/15,結案,士林,芝蘭,四,;280;,200,未經申請開挖整地,,,60000
CA08505007,1996/5/27,結案,士林,菁山,一,;377;,150,未依規定期限改正,,,80000
CA08505008,1996/5/29,結案,士林,華岡,四,;422;,600,其他,,,80000
CA08505010,1996/5/31,結案,內湖,東湖,六,;68;,400,其他,,,60000
CA08505009,1996/5/31,結案,北投,大屯,二,;314;,180,未經申請開挖整地,,,60000
CA08506001,1996/6/1,結案,文山,指南,三,;968;,150,未經申請開挖整地,,,60000
CA08506002,1996/6/3,結案,北投,泉源,三,;484;,50,未經申請開挖闢路,,,60000
CA08506003,1996/6/7,結案,內湖,東湖,六,;3;,2000,未經申請開挖整地,,,100000
CA08506004,1996/6/7,結案,士林,芝蘭,三,;239;,250,其他,,,60000
CA08506005,1996/6/7,結案,士林,芝蘭,三,;270;,200,其他,,,60000
CA08506006,1996/6/12,結案,文山,草湳,三,;229;,150,未經申請開挖整地,,,60000
CA08506007,1996/6/13,結案,文山,指南,四,;165;,120,未依規定期限改正,,,100000
CA08506008,1996/6/22,結案,士林,翠山,二,;355;,500,未依規定期限改正,,,80000
CA08506009,1996/6/26,結案,北投,泉源,三,;217;,300,未經申請開挖闢路,,,60000
CA08507001,1996/7/4,結案,內湖,東湖,六,;432;,80,未經申請開挖整地,,,80000
CA08507002,1996/7/4,結案,南港,大豐,二,192,700,未經申請開挖整地,,,80000
CA08507003,1996/7/4,結案,士林,翠山,二,;685;,120,其他,,,60000
CA08507004,1996/7/9,結案,士林,天玉,三,;383;,200,未依規定期限改正,,,80000
CA08507006,1996/7/12,撤銷,南港,大豐,一,301,26,未經申請開挖闢路,,,60000
CA08507005,1996/7/25,結案,南港,麗山,三,;245;,800,其他,,,80000
CA08508001,1996/8/2,結案,文山,老泉,三,;219;,1750,未經申請開挖整地,,,100000
CA08508002,1996/8/2,結案,士林,天玉,一,;27;,1500,未經申請開挖整地,,,100000
CA08508003,1996/8/7,結案,南港,麗山,三,;245;,800,未依規定期限改正,,,80000
CA08508004,1996/8/9,結案,信義,福德,四,;254;,9,其他,,,60000
CA08508005,1996/8/13,結案,內湖,石潭,二,;107-2;,500,堆積土石,,,60000
CA08508006,1996/8/19,結案,中山,北安,一,;81;,100,未經申請開挖整地,,,60000
CA08508007,1996/8/24,結案,北投,泉源,三,;217;,300,未依規定期限改正,,,80000
CA08508008,1996/8/27,結案,北投,大屯,四,;510;,150,未依規定期限改正,,,150000
CA08509001,1996/9/2,結案,北投,崇仰,三,;227;,115,其他,,,60000
CA08509002,1996/9/2,結案,文山,萬芳,二,233,80,未經申請開挖整地,,,60000
CA08509003,1996/9/5,結案,士林,芝蘭,三,;223;,900,未經申請開挖整地,,,60000
CA08509004,1996/9/12,結案,南港,大豐,一,315,260,未經申請開挖闢路,,,60000
CA08509005,1996/9/12,撤銷,信義,吳興,三,;146;,240,未經申請開挖整地,,,60000
CA08509006,1996/9/12,結案,士林,雙溪,一,;30;,150,未經申請開挖整地,,,60000
CA08509007,1996/9/14,結案,文山,草湳,三,;463;,150,未經申請開挖整地,,,60000
CA08509008,1996/9/19,結案,內湖,碧山,二,;450;,100,未經申請開挖整地,,,60000
CA08509009,1996/9/20,結案,內湖,碧湖,一,;176;,50,未經申請開挖整地,,,60000
CA08509010,1996/9/23,結案,內湖,碧湖,一,;760;,200,未依核定計畫施工,,,60000
CA08510001,1996/10/5,結案,內湖,大湖,四,;354;,30,其他,,,60000
CA08510010,1996/10/5,撤銷,文山,景美,四,;409;,48,未經申請開挖整地,,,60000
CA08510002,1996/10/8,結案,文山,指南,四,;378;,350,未經申請開挖闢路,,,60000
CA08510004,1996/10/11,續予處分,士林,翠山,一,;44;,800,未經申請開挖整地,,,80000
CA08510003,1996/10/11,結案,士林,菁山,二,;24;,800,未經申請開挖整地,,,80000
CA08510007,1996/10/23,結案,北投,大屯,二,;143-4;,150,未經申請開挖整地,,,60000
CA08510006,1996/10/23,結案,內湖,西湖,一,;52-25;,10,其他,,,60000
CA08510005,1996/10/23,結案,士林,雙溪,一,;63;,150,其他,,,60000
CA08510008,1996/10/24,結案,士林,平等,二,;147;,100,未經申請開挖整地,,,60000
CA08510009,1996/10/28,結案,文山,頭廷,二,;149;,244,其他,,,60000
CA08511001,1996/11/6,結案,士林,菁山,二,;232;,1800,未經申請開挖整地,,,100000
CA08511002,1996/11/6,結案,文山,景美,四,;409;,48,未經申請開挖整地,,,60000
CA08511003,1996/11/15,結案,士林,新安,三,;598;,200,其他,,,60000
CA08511004,1996/11/16,結案,南港,大豐,二,;366;,320,堆積土石,,,60000
CA08512001,1996/12/10,結案,內湖,碧山,二,;54;,150,其他,,,60000
CA08512002,1996/12/16,結案,北投,湖田,二,;398;,60,未經申請開挖整地,,,60000
CA08512003,1996/12/28,結案,北投,行義,一,632,480,未經申請開挖整地,,,60000
CA08512006,1996/12/30,續予處分,士林,天玉,一,;543;,200,未經申請開挖整地,,,60000
CA08512004,1996/12/30,結案,文山,老泉,四,;300;,550,堆積土石,,,60000
CA08512005,1996/12/30,結案,士林,至善,四,;131;,60,其他,,,60000
CA08601001,1997/1/10,結案,士林,翠山,一,;126;,110,其他,,,60000
CA08601002,1997/1/10,結案,士林,新安,三,;136;,160,未經申請開挖整地,,,60000
CA08601003,1997/1/13,結案,士林,菁山,二,;403;,40,未經申請開挖整地,,,60000
CA08601004,1997/1/18,結案,北投,泉源,四,;128;,170,其他,,,60000
CA08601005,1997/1/18,結案,士林,力行,三,;298;,200,未經申請開挖闢路,,,60000
CA08601006,1997/1/22,結案,內湖,碧湖,一,;119;,60,未經申請開挖整地,,,60000
CA08601007,1997/1/30,結案,北投,泉源,三,;172;,190,未經申請開挖整地,,,60000
CA08602004,1997/2/5,結案,內湖,碧湖,一,;119;,60,未經申請開挖整地,,,80000
CA08602002,1997/2/5,結案,文山,老泉,三,;184;,200,其他,,,60000
CA08602001,1997/2/5,結案,士林,芝蘭,二,;119;,300,未經申請開挖整地,,,60000
CA08602003,1997/2/5,結案,文山,老泉,三,;360;,200,未經申請開挖闢路,,,60000
CA08602005,1997/2/11,續予處分,文山,萬芳,三,;795-53;,300,未經申請開挖整地,,,60000
CA08602006,1997/2/13,結案,士林,芝蘭,三,;270;,100,未經申請開挖整地,,,60000
CA08602007,1997/2/24,結案,南港,大豐,一,;75;,100,其他,,,60000
CA08602008,1997/2/24,結案,北投,泉源,四,;128;,170,未依規定期限改正,,,80000
CA08603001,1997/3/4,結案,士林,溪山,一,;86-1;,800,未經申請開挖闢路,,,80000
CA08603003,1997/3/5,結案,內湖,康寧,三,;430;,80,未經申請開挖闢路,,,60000
CA08603002,1997/3/5,結案,內湖,西湖,一,;52-25;,30,未經申請開挖整地,,,60000
CA08603004,1997/3/6,結案,北投,崇仰,一,;11;,130,未經申請開挖整地,,,60000
CA08603005,1997/3/8,結案,南港,大豐,一,;295;,100,堆積土石,,,60000
CA08603006,1997/3/11,結案,大安,辛亥,四,;558;,200,未經申請開挖整地,,,60000
CA08603007,1997/3/11,結案,北投,泉源,三,;174;,160,堆積土石,,,60000
CA08603008,1997/3/12,續予處分,士林,天玉,一,;543;,200,未依規定期限改正,,,80000
CA08603010,1997/3/13,結案,文山,興安,三,;8-1;,2025,未依規定期限改正,,,300000
CA08603009,1997/3/13,續予處分,士林,溪山,三,14611,300,其他,,,60000
CA08603011,1997/3/21,續予處分,,,,;;,200,其他,,,60000
CA08603013,1997/3/26,續予處分,士林,華岡,二,;213;,300,其他,,,60000
CA08603012,1997/3/26,結案,文山,老泉,二,;472;,500,未經申請開挖整地,,,60000
CA08604001,1997/4/2,結案,北投,行義,四,;199;,30,其他,,,60000
CA08604002,1997/4/2,結案,士林,新安,三,;598;,300,其他,,,60000
CA08604003,1997/4/2,結案,內湖,西湖,一,;;52;;,300,未經申請開挖闢路,,,60000
CA08604004,1997/4/14,結案,南港,舊莊,四,;422;,480,堆積土石,,,60000
CA08604005,1997/4/18,結案,內湖,碧湖,一,;279;,18,其他,,,60000
CA08604006,1997/4/22,續予處分,士林,芝蘭,四,167,100,未經申請開挖整地,,,60000
CA08604008,1997/4/23,結案,士林,芝蘭,四,;31;,200,其他,,,60000
CA08604009,1997/4/23,續予處分,文山,萬芳,三,;796-53;,300,未依規定期限改正,,,80000
CA08604007,1997/4/23,結案,北投,泉源,三,;172;,900,其他,,,80000
CA08604010,1997/4/24,續予處分,士林,天玉,一,;543;,200,未依規定期限改正,,,100000
CA08604011,1997/4/30,結案,北投,湖山,三,;677;,1200,其他,,,100000
CA08605001,1997/5/2,續予處分,,,,;;,200,未依規定期限改正,,,80000
CA08605002,1997/5/5,結案,內湖,潭美,一,;101;,210,堆積土石,,,60000
CA08605003,1997/5/6,結案,北投,湖山,二,;519;,1250,未經申請開挖整地,,,100000
CA08605005,1997/5/7,結案,內湖,潭美,一,;101;,6,堆積土石,,,60000
CA08605004,1997/5/7,結案,士林,翠山,一,;172-4;,50,其他,,,60000
CA08605007,1997/5/15,結案,北投,行義,一,;91;,50,未經申請開挖整地,,,60000
CA08605006,1997/5/15,續予處分,內湖,碧山,三,;323;,550,未依規定期限改正,,,80000
CA08605008,1997/5/16,結案,文山,老泉,二,;381-2;,250,其他,,,60000
CA08605009,1997/5/19,結案,信義,祥和,四,;415;,300,未經申請開挖闢路,,,60000
CA08605010,1997/5/19,續予處分,士林,天玉,一,;543;,200,未依規定期限改正,,,150000
CA08605011,1997/5/20,結案,中山,北安,一,;82;,35,其他,,,60000
CA08605015,1997/5/22,續予處分,士林,溪山,三,698,200,未依規定期限改正,,,100000
CA08605012,1997/5/22,結案,南港,中南,四,;805-1;,400,堆積土石,,,60000
CA08605014,1997/5/22,續予處分,信義,吳興,二,476,320,未經申請開挖整地,,,60000
CA08605013,1997/5/22,結案,信義,福德,四,279,10,其他,,,60000
CA08605016,1997/5/27,結案,北投,行義,四,;223;,200,其他,,,60000
CA08606002,1997/6/6,結案,南港,大豐,一,;284;,200,堆積土石,,,60000
CA08606001,1997/6/6,續予處分,士林,天玉,一,;543;,200,未依規定期限改正,,,200000
CA08606003,1997/6/16,結案,士林,華岡,二,;213;,300,其他,,,80000
CA08606004,1997/6/18,結案,內湖,大湖,三,;189;,50,其他,,,60000
CA08606005,1997/6/26,結案,北投,崇仰,一,;464;,1050,未經申請開挖整地,,,100000
CA08606006,1997/6/26,結案,南港,大豐,三,;835-1;,25,堆積土石,,,60000
CA08606007,1997/6/30,結案,北投,湖山,一,;443;,15,未經申請開挖整地,,,60000
CA08607001,1997/7/1,結案,北投,泉源,四,;335-1;,600,其他,,,80000
CA08607002,1997/7/2,結案,北投,行義,四,;199;,30,未依規定期限改正,,,80000
CA08607003,1997/7/3,續予處分,士林,天玉,一,;544;,500,未依規定期限改正,,,300000
CA08607004,1997/7/9,結案,士林,翠山,二,;122;,380,未經申請開挖整地,,,60000
CA08607005,1997/7/9,結案,士林,平等,二,;226;,300,未經申請開挖整地,,,60000
CA08607006,1997/7/9,結案,士林,溪山,三,14611,300,未依規定期限改正,,,80000
CA08607007,1997/7/9,結案,士林,翠山,一,;172-4;,50,未依規定期限改正,,,80000
CA08607008,1997/7/10,結案,中山,北安,一,;82;,35,未依規定期限改正,,,80000
CA08607009,1997/7/11,結案,內湖,碧山,三,;321;,550,未依規定期限改正,,,100000
CA08607010,1997/7/14,續予處分,文山,萬芳,三,;;796-53;;,300,未依規定期限改正,,,100000
CA08607011,1997/7/16,結案,士林,芝蘭,四,167,100,未經申請開挖整地,,,80000
CA08607012,1997/7/17,續予處分,內湖,碧山,二,;736;,300,堆積土石,,,60000
CA08607013,1997/7/19,結案,北投,行義,一,;91;,50,未依規定期限改正,,,80000
CA08607014,1997/7/23,續予處分,士林,至善,四,;76;,150,其他,,,60000
CA08607015,1997/7/24,續予處分,士林,天玉,一,;543;,700,未依規定期限改正,,,300000
CA08607016,1997/7/31,結案,文山,政大,二,;609;,200,未依核定計畫施工,,,60000
CA08608001,1997/8/4,結案,南港,大豐,三,;115;,10000,未依核定計畫施工,,,300000
CA08608002,1997/8/8,續予處分,南港,舊莊,二,101,1800,未經申請開挖整地,,,100000
CA08608003,1997/8/14,結案,南港,大豐,二,;121;,100,其他,,,60000
CA08608004,1997/8/14,結案,北投,泉源,四,;129;,30,未依規定期限改正,,,100000
CA08608005,1997/8/15,續予處分,內湖,康寧,二,329,300,其他,,,60000
CA08608006,1997/8/15,結案,文山,老泉,四,;300;,70,未經申請開挖整地,,,60000
CA08608007,1997/8/19,結案,南港,舊莊,一,;156;,40,其他,,,60000
CA08608008,1997/8/20,續予處分,士林,溪山,三,698,200,未依規定期限改正,,,150000
CA08608009,1997/8/20,結案,文山,政大,二,;;609;615;;,200,未依規定期限改正,,,80000
CA08608010,1997/8/21,結案,士林,力行,三,;52;,50,堆積土石,,,60000
CA08608011,1997/8/23,續予處分,北投,泉源,二,;409;,150,其他,,,60000
CA08608012,1997/8/25,結案,北投,湖山,二,;269;,100,其他,,,60000
CA08608013,1997/8/25,結案,內湖,碧湖,一,24,200,未經申請開挖整地,,,60000
CA08608014,1997/8/28,結案,南港,大豐,二,;425;,62,其他,,,60000
CA08608015,1997/8/30,結案,內湖,大湖,三,;345;,900,未經申請開挖整地,,,80000
CA08609001,1997/9/1,結案,信義,吳興,三,;155-2;,300,其他,,,60000
CA08609002,1997/9/4,續予處分,士林,天玉,一,;543;,700,未依規定期限改正,,,300000
CA08609003,1997/9/8,結案,文山,老泉,四,;300;,45,未依規定期限改正,,,80000
CA08609004,1997/9/10,結案,內湖,碧山,二,;736;,300,未依規定期限改正,,,80000
CA08609005,1997/9/12,結案,士林,華岡,一,;544;,130,其他,,,60000
CA08609007,1997/9/15,結案,北投,行義,二,288,100,其他,,,60000
CA08609008,1997/9/15,結案,信義,吳興,三,;779;,450,未經申請開挖整地,,,60000
CA08609006,1997/9/15,續予處分,內湖,碧山,一,;470;,100,未經申請開挖整地,,,60000
CA08609010,1997/9/18,結案,南港,舊莊,四,;171;,105,未經申請開挖整地,,,60000
CA08609011,1997/9/18,續予處分,士林,天玉,一,;543;,700,未依規定期限改正,,,300000
CA08609009,1997/9/18,結案,信義,吳興,三,;862;,300,未經申請開挖整地,,,60000
CA08610001,1997/10/1,續予處分,士林,天玉,一,;543;,700,未依規定期限改正,,,300000
CA08610002,1997/10/3,結案,文山,指南,四,;378;,350,未依規定期限改正,,,80000
CA08610003,1997/10/6,結案,文山,政大,二,;609;,200,未依規定期限改正,,,100000
CA08610004,1997/10/9,續予處分,士林,天玉,一,563,2700,未依規定期限改正,,,300000
CA08610005,1997/10/16,續予處分,文山,萬芳,一,;1;,220,堆積土石,,,60000
CA08610006,1997/10/16,結案,士林,天玉,一,;68;,50,未經申請開挖整地,,,60000
CA08610007,1997/10/17,結案,內湖,康寧,三,;430;,80,未依規定期限改正,,,80000
CA08610008,1997/10/21,結案,士林,菁山,二,;210;,40,未依技術規範實施,,,60000
CA08610009,1997/10/21,結案,士林,至善,四,;76;,150,其他,,,80000
CA08610010,1997/10/22,結案,文山,老泉,三,;189;,25,未依技術規範實施,,,60000
CA08610012,1997/10/24,結案,士林,溪山,三,698,900,未依規定期限改正,,,200000
CA08610011,1997/10/24,續予處分,南港,中南,三,;346;,470,未經申請開挖整地,,,60000
CA08610013,1997/10/24,結案,內湖,石潭,一,;110;,80,,,,80000
CA08610014,1997/10/24,結案,北投,泉源,二,;409;,150,未依規定期限改正,,,80000
CA08610015,1997/10/29,結案,信義,吳興,二,493,20,未依技術規範實施,,,60000
CA08610016,1997/10/29,結案,信義,吳興,二,;502-1;,60,未經申請開挖整地,,,60000
CA08610017,1997/10/29,撤銷,信義,吳興,二,;494;,80,未依技術規範實施,,,60000
CA08611001,1997/11/5,結案,士林,力行,三,;261;,2500,未依核定計畫施工,,,150000
CA08611002,1997/11/5,結案,內湖,康寧,三,;;425-2;430-12;430-34;67;;,600,未經申請開挖整地,,,80000
CA08611003,1997/11/6,結案,內湖,碧山,一,;402;,80,未依規定期限改正,,,80000
CA08611004,1997/11/10,續予處分,士林,翠山,一,;44;,1300,未依規定期限改正,,,100000
CA08611005,1997/11/13,結案,北投,湖田,二,;183;,100,堆積土石,,,60000
CA08611006,1997/11/17,續予處分,北投,行義,一,287,400,堆積土石,,,60000
CA08611007,1997/11/21,結案,北投,崇仰,二,;5-4;,1000,未經申請開挖整地,,,80000
CA08611008,1997/11/24,續予處分,士林,天玉,一,;543;,2700,未依規定期限改正,,,300000
CA08611009,1997/11/25,結案,南港,大豐,三,163,9,堆積土石,,,60000
CA08611010,1997/11/26,續予處分,士林,新安,三,437,3000,未經申請開挖闢路,,,200000
CA08612001,1997/12/1,結案,士林,天玉,一,;75;,60,其他,,,60000
CA08612002,1997/12/11,續予處分,士林,新安,四,;136;,200,其他,,,60000
CA08612003,1997/12/11,結案,北投,行義,四,;223;,200,未依規定期限改正,,,80000
CA08612004,1997/12/11,結案,內湖,石潭,一,;99;,100,未經申請開挖闢路,,,60000
CA08612005,1997/12/11,續予處分,士林,翠山,二,220,15,其他,,,60000
CA08612006,1997/12/13,續予處分,士林,新安,三,437,3000,未依規定期限改正,,,300000
CA08612007,1997/12/13,結案,士林,天玉,二,;244;,60,其他,,,60000
CA08612008,1997/12/17,結案,士林,新安,一,;444;,30,其他,,,60000
CA08612009,1997/12/27,結案,內湖,碧山,一,;470;,800,未經申請開挖整地,,,80000
CA08612010,1997/12/29,續予處分,士林,新安,四,210,300,其他,,,60000
CA08612011,1997/12/30,結案,南港,舊莊,二,101,1800,未依規定期限改正,,,150000
CA08612012,1997/12/31,結案,文山,萬芳,三,;796-53;,300,未依規定期限改正,,,150000
CA08701001,1998/1/3,結案,士林,平等,二,;447;,300,未經申請開挖整地,,,60000
CA08701002,1998/1/5,結案,內湖,康寧,二,329,300,未依規定期限改正,,,80000
CA08701003,1998/1/8,結案,士林,力行,三,;486;,200,其他,,,60000
CA08701004,1998/1/13,結案,士林,新安,四,;136;,200,未依規定期限改正,,,80000
CA08701005,1998/1/14,結案,士林,新安,四,260,100,其他,,,60000
CA08701006,1998/1/15,續予處分,內湖,碧山,一,417,10,未經申請開挖整地,,,60000
CA08701007,1998/1/19,結案,士林,新安,四,210,300,未依規定期限改正,,,80000
CA08701008,1998/1/20,結案,士林,華岡,一,551,50,未經申請開挖整地,,,60000
CA08701009,1998/1/20,撤銷,信義,永春,三,;186-4;,300,未經申請開挖整地,,,60000
CA08702001,1998/2/11,結案,士林,翠山,一,;44;,1300,未依規定期限改正,,,150000
CA08702002,1998/2/12,結案,文山,萬芳,一,;67;,300,未經申請開挖整地,,,60000
CA08702003,1998/2/13,結案,士林,翠山,一,;34;,100,未經申請開挖整地,,,60000
CA08702004,1998/2/18,結案,信義,祥和,一,24,150,未經申請開挖整地,,,60000
CA08702005,1998/2/19,續予處分,士林,天玉,一,;543;,2700,未依規定期限改正,,,300000
CA08702006,1998/2/25,結案,士林,翠山,二,222,30,未依規定期限改正,,,80000
CA08702007,1998/2/25,結案,南港,中南,三,;346;,470,未依規定期限改正,,,80000
CA08702008,1998/2/26,結案,南港,麗山,四,336,4800,未經申請開挖整地,,,300000
CA08703001,1998/3/6,結案,南港,麗山,四,351,5500,未經申請開挖整地,,,300000
CA08703002,1998/3/6,結案,士林,新安,二,;536;,50,未經申請開挖整地,,,60000
CA08703004,1998/3/10,結案,南港,麗山,四,397,3200,其他,,,300000
CA08703003,1998/3/10,結案,士林,至善,二,148,50,其他,,,60000
CA08703005,1998/3/18,撤銷,北投,桃源,二,;314;,100,未依技術規範實施,,,60000
CA08703006,1998/3/20,結案,文山,萬芳,一,;1;,220,未依規定期限改正,,,80000
CA08703007,1998/3/21,結案,文山,頭廷,三,104,120,未經申請開挖整地,,,60000
CA08703008,1998/3/24,續予處分,士林,菁山,二,;76;,300,未經申請開挖整地,,,60000
CA08703009,1998/3/25,撤銷,內湖,石潭,一,102,1500,未經申請開挖闢路,,,100000
CA08703010,1998/3/25,結案,士林,至善,四,605,300,未經申請開挖整地,,,60000
CA08703011,1998/3/25,撤銷,南港,麗山,四,336,4800,未依規定期限改正,,,300000
CA08703012,1998/3/25,撤銷,南港,麗山,四,354,5500,未依規定期限改正,,,300000
CA08704001,1998/4/7,續予處分,士林,菁山,二,;76;,300,未依規定期限改正,,,300000
CA08704002,1998/4/7,結案,文山,萬芳,二,546,50,未經申請開挖整地,,,60000
CA08704005,1998/4/8,結案,士林,華岡,二,250,35,其他,,,60000
CA08704003,1998/4/8,撤銷,士林,新安,一,;233;,3000,未經申請開挖闢路,,,150000
CA08704004,1998/4/8,結案,士林,菁山,二,330,300,其他,,,60000
CA08704008,1998/4/9,結案,士林,至善,二,;324;,30,其他,,,60000
CA08704006,1998/4/9,結案,士林,至善,二,340,30,其他,,,60000
CA08704007,1998/4/9,結案,士林,至善,二,325,20,未經申請開挖整地,,,60000
CA08704009,1998/4/13,續予處分,士林,至善,四,201,3000,未經申請開挖整地,,,150000
CA08704010,1998/4/16,結案,北投,大屯,一,149,300,未經申請開挖整地,,,60000
CA08704011,1998/4/18,續予處分,士林,新安,三,569,225,未經申請開挖整地,,,60000
CA08704012,1998/4/18,結案,信義,永春,三,59,200,其他,,,60000
CA08704013,1998/4/22,續予處分,士林,天玉,一,;543;,2700,未依規定期限改正,,,300000
CA08704014,1998/4/29,續予處分,內湖,碧山,二,735,72,其他,,,60000
CA08704015,1998/4/29,結案,士林,平等,一,184,500,未經申請開挖整地,,,60000
CA08705001,1998/5/1,撤銷,北投,崇仰,四,;441;,24000,未經申請開挖整地,,,300000
CA08705002,1998/5/2,結案,士林,新安,三,569,90,未依規定期限改正,,,80000
CA08705003,1998/5/7,撤銷,信義,永春,三,111,60,其他,,,60000
CA08705004,1998/5/12,續予處分,文山,指南,四,601,1000,堆積土石,,,100000
CA08705005,1998/5/13,續予處分,士林,天玉,一,;;543;544;545;547;554;556;558;559;560;561;562;563;564;584;;,2700,未依規定期限改正,,,300000
CA08705006,1998/5/14,結案,士林,新安,四,541,150,未依核定計畫施工,,,60000
CA08705007,1998/5/14,結案,士林,新安,四,402,30,未經申請開挖整地,,,60000
CA08705008,1998/5/19,結案,士林,溪山,二,261,30,其他,,,60000
CA08705009,1998/5/27,續予處分,士林,天玉,一,;543;,3000,未依規定期限改正,,,300000
CA08706001,1998/6/5,結案,士林,新安,三,;;437;447;;,500,未依規定期限改正,,,300000
CA08706002,1998/6/10,續予處分,內湖,碧山,二,735,72,未依規定期限改正,,,80000
CA08706003,1998/6/11,結案,北投,桃源,三,3,600,未經申請開挖闢路,,,60000
CA08706004,1998/6/11,結案,北投,桃源,三,57,200,未經申請開挖闢路,,,60000
CA08706005,1998/6/11,續予處分,信義,吳興,二,443-1,320,未依規定期限改正,,,80000
CA08706007,1998/6/12,續予處分,文山,指南,四,587,1000,未依規定期限改正,,,150000
CA08706006,1998/6/12,結案,內湖,碧山,二,699,130,其他,,,60000
CA08706008,1998/6/16,續予處分,士林,溪山,三,14611,70,其他,,,60000
CA08706009,1998/6/18,撤銷,信義,吳興,二,643,10,未經申請開挖整地,,,60000
CA08706010,1998/6/18,續予處分,文山,富德,三,80,1200,未經申請開挖闢路,,,100000
CA08706011,1998/6/21,結案,南港,中南,一,;408;,300,未經申請開挖整地,,,60000
CA08706012,1998/6/25,結案,內湖,碧山,二,;712;,300,未經申請開挖整地,,,60000
CA08706014,1998/6/26,續予處分,士林,菁山,二,;77;,300,未依規定期限改正,,,300000
CA08706015,1998/6/26,結案,內湖,碧山,二,631,96,未經申請開挖闢路,,,60000
CA08706013,1998/6/26,續予處分,士林,菁山,二,;89;,1000,堆積土石,,,300000
CA08707001,1998/7/2,結案,南港,大豐,二,426,300,堆積土石,,,60000
CA08707002,1998/7/2,結案,士林,溪山,三,14611,70,未依規定期限改正,,,80000
CA08707003,1998/7/2,續予處分,士林,至善,四,143,7000,未依規定期限改正,,,200000
CA08707005,1998/7/3,續予處分,士林,天玉,一,544,3000,未依規定期限改正,,,300000
CA08707004,1998/7/3,結案,文山,指南,四,640-2,600,堆積土石,是,2000/7/3,80000
CA08707006,1998/7/6,結案,內湖,石潭,一,102,1500,未經申請開挖闢路,,,100000
CA08707007,1998/7/8,續予處分,士林,溪山,一,435,1000,未經申請開挖整地,,,100000
CA08707008,1998/7/24,結案,文山,興安,一,423,400,未經申請開挖整地,,,60000
CA08707009,1998/7/28,續予處分,士林,天玉,一,;543;,3370,未依規定期限改正,,,300000
CA08708001,1998/8/1,結案,內湖,西湖,二,440,60,未經申請開挖整地,,,60000
CA08708002,1998/8/3,結案,文山,草湳,二,;170;,100,未經申請開挖整地,,,60000
CA08708003,1998/8/3,結案,文山,指南,四,587,1000,未依規定期限改正,,,200000
CA08708004,1998/8/7,續予處分,士林,天玉,一,;543;,3520,未依規定期限改正,,,300000
CA08708005,1998/8/12,結案,內湖,碧山,二,735-1,90,未依規定期限改正,,,100000
CA08708006,1998/8/17,續予處分,文山,富德,三,80,1200,未依規定期限改正,,,150000
CA08708007,1998/8/20,結案,士林,溪山,一,396,1000,未依規定期限改正,,,150000
CA08708008,1998/8/26,結案,信義,福德,四,193,60,其他,,,60000
CA08708009,1998/8/27,續予處分,士林,天玉,一,;543;,3670,未依規定期限改正,,,300000
CA08708010,1998/8/31,結案,文山,指南,四,;587;,1000,堆積土石,,,60000
CA08709001,1998/9/2,結案,南港,麗山,四,137,120,未經申請開挖整地,,,60000
CA08709002,1998/9/4,結案,士林,菁山,二,;76;,1000,未依規定期限改正,,,300000
CA08709003,1998/9/4,結案,士林,菁山,二,;76;,1000,未依規定期限改正,,,300000
CA08709004,1998/9/5,結案,士林,新安,三,40,500,未經申請開挖整地,,,60000
CA08709005,1998/9/5,續予處分,文山,興安,四,169,600,未經申請開挖闢路,,,60000
CA08709006,1998/9/9,結案,士林,新安,三,167,100,未經申請開挖整地,,,60000
CA08709007,1998/9/11,結案,文山,頭廷,三,;363;,340,未依核定計畫施工,,,60000
CA08709008,1998/9/11,結案,文山,頭廷,三,322,22,未依核定計畫施工,,,60000
CA08709009,1998/9/16,結案,士林,翠山,一,157,500,未經申請開挖整地,,,60000
CA08709011,1998/9/23,結案,信義,吳興,二,643,10,未經申請開挖整地,,,60000
CA08709010,1998/9/23,續予處分,士林,至善,四,142,7000,未依規定期限改正,,,300000
CA08709012,1998/9/24,結案,信義,永春,三,111,100,未依規定期限改正,,,60000
CA08709013,1998/9/29,續予處分,士林,天玉,一,543,3670,未依規定期限改正,,,300000
CA08710002,1998/10/8,結案,士林,芝蘭,二,25,60,其他,,,60000
CA08710001,1998/10/8,續予處分,士林,溪山,三,75,100,未經申請開挖整地,,,60000
CA08710003,1998/10/9,結案,士林,平等,三,525,60,未經申請開挖整地,,,60000
CA08710004,1998/10/13,結案,信義,犁和,一,96,20,未經申請開挖整地,,,60000
CA08710005,1998/10/15,續予處分,士林,平等,一,314,300,未經申請開挖闢路,,,60000
CA08710006,1998/10/22,續予處分,士林,天玉,一,559,3720,未依規定期限改正,,,300000
CA08710007,1998/10/28,續予處分,文山,富德,三,80,1200,未依規定期限改正,,,200000
CA08710008,1998/10/28,續予處分,士林,天玉,一,;543;,4620,未依規定期限改正,,,300000
CA08711001,1998/11/4,結案,北投,行義,一,288,400,未依規定期限改正,,,80000
CA08711002,1998/11/9,結案,文山,指南,四,551,200,未經申請開挖整地,,,60000
CA08711003,1998/11/13,續予處分,士林,天玉,一,;543;,4620,未依規定期限改正,,,300000
CA08711004,1998/11/25,結案,內湖,石潭,二,98,16,其他,,,60000
CA08711005,1998/11/26,結案,士林,至善,四,603,200,未經申請開挖整地,,,60000
CA08712001,1998/12/7,結案,文山,指南,二,103,30,未經申請開挖整地,,,60000
CA08712002,1998/12/8,續予處分,士林,天玉,一,;543;,4620,未依規定期限改正,,,300000
CA08712003,1998/12/10,結案,北投,大屯,四,;16-3;,320,未經申請開挖整地,,,60000
CA08712004,1998/12/10,結案,北投,大屯,三,390,300,未經申請開挖整地,,,60000
CA08712005,1998/12/10,續予處分,士林,至善,四,218,7000,未依規定期限改正,,,300000
CA08712006,1998/12/11,結案,士林,平等,一,314,50,未依規定期限改正,,,80000
CA08712007,1998/12/17,結案,士林,天玉,三,469,750,未經申請開挖整地,,,80000
CA08712008,1998/12/18,結案,士林,翠山,一,406,60,未經申請開挖整地,,,60000
CA08712009,1998/12/18,續予處分,士林,天玉,一,;543;,4620,未依規定期限改正,,,300000
CA08801001,1999/1/7,續予處分,士林,新安,一,575,500,其他,,,60000
CA08801002,1999/1/13,結案,士林,溪山,三,43,4000,未經申請開挖整地,,,300000
CA08801003,1999/1/15,結案,士林,新安,二,484,400,未經申請開挖整地,,,60000
CA08801004,1999/1/18,結案,士林,新安,一,575,500,未依規定期限改正,,,80000
CA08802001,1999/2/1,續予處分,士林,天玉,一,558,4620,未依規定期限改正,,,300000
CA08802002,1999/2/3,結案,大安,辛亥,五,230,25,未經申請開挖闢路,,,60000
CA08802003,1999/2/4,撤銷,文山,草湳,三,;197;,500,未經申請開挖整地,,,60000
CA08802004,1999/2/5,結案,士林,新安,一,67,100,未經申請開挖整地,,,60000
CA08802005,1999/2/12,續予處分,士林,新安,四,525,300,未經申請開挖整地,,,60000
CA08803001,1999/3/11,結案,北投,大屯,四,;16-3;,320,未依規定期限改正,,,80000
CA08803002,1999/3/12,結案,信義,吳興,三,856,600,未經申請開挖整地,,,60000
CA08803005,1999/3/12,結案,南港,舊莊,一,46,900,未經申請開挖闢路,,,80000
CA08803004,1999/3/12,結案,內湖,潭美,一,122,100,未經申請開挖整地,,,60000
CA08803003,1999/3/12,續予處分,文山,富德,三,80,1200,未依規定期限改正,,,300000
CA08803006,1999/3/19,續予處分,士林,天玉,一,584,4620,未依規定期限改正,,,300000
CA08803007,1999/3/30,結案,士林,華岡,五,63,40,未經申請開挖整地,,,60000
CA08804001,1999/4/3,結案,信義,祥和,四,423,150,未經申請開挖整地,,,60000
CA08804003,1999/4/3,結案,士林,新安,一,100,600,未經申請開挖整地,,,80000
CA08804002,1999/4/3,結案,士林,天玉,一,53,350,未經申請開挖整地,,,60000
CA08804005,1999/4/7,續予處分,士林,天玉,一,543,4620,未依規定期限改正,,,300000
CA08804004,1999/4/7,結案,內湖,大湖,四,493,1000,未經申請開挖闢路,,,80000
CA08804006,1999/4/8,結案,北投,大屯,二,255,317,其他,,,60000
CA08804007,1999/4/14,結案,士林,至善,七,196,150,未經申請開挖整地,,,60000
CA08804008,1999/4/21,續予處分,士林,天玉,一,554,5190,未依規定期限改正,,,300000
CA08805001,1999/5/1,結案,文山,興安,一,;360;,500,其他,,,60000
CA08805002,1999/5/5,續予處分,士林,天玉,一,564,5190,未依規定期限改正,,,300000
CA08805003,1999/5/10,結案,士林,新安,四,525,300,未依規定期限改正,,,80000
CA08805004,1999/5/12,結案,文山,富德,三,80,1200,未依規定期限改正,,,300000
CA08805005,1999/5/19,結案,文山,老泉,四,624,50,未依技術規範實施,,,60000
CA08805006,1999/5/19,結案,士林,至善,四,23,450,未依核定計畫施工,,,60000
CA08805007,1999/5/31,結案,士林,力行,三,301,700,未經申請開挖整地,,,80000
CA08806001,1999/6/2,續予處分,士林,天玉,一,543,5410,未依規定期限改正,,,300000
CA08806002,1999/6/16,結案,北投,行義,四,;54;,100,未經申請開挖整地,,,60000
CA08806003,1999/6/23,續予處分,內湖,碧山,二,733-10,100,未經申請開挖整地,,,60000
CA08806004,1999/6/24,撤銷,北投,湖山,三,;189-1;,400,未依核定計畫施工,,,60000
CA08807001,1999/7/8,續予處分,士林,天玉,三,299,200,其他,,,60000
CA08807002,1999/7/8,續予處分,士林,天玉,一,543,5530,未依規定期限改正,,,300000
CA08807003,1999/7/9,續予處分,士林,天玉,一,;543;,8030,未依規定期限改正,,,300000
CA08807004,1999/7/16,結案,文山,興安,四,169,600,未依規定期限改正,,,100000
CA08807005,1999/7/26,結案,士林,新安,四,30,60,其他,,,60000
CA08807006,1999/7/26,結案,士林,新安,二,720,100,未經申請開挖闢路,,,60000
CA08807007,1999/7/27,結案,士林,至善,四,;571;,300,其他,,,60000
CA08807008,1999/7/29,結案,北投,湖田,二,;254;,100,未依技術規範實施,,,60000
CA08807009,1999/7/31,結案,士林,翠山,一,118,100,未經申請開挖闢路,,,60000
CA08808001,1999/8/5,續予處分,士林,天玉,一,;543;,8030,未依規定期限改正,,,300000
CA08808002,1999/8/12,結案,南港,大豐,二,255,60,其他,,,60000
CA08808003,1999/8/18,結案,南港,舊莊,二,;51;,150,其他,,,60000
CA08808004,1999/8/20,結案,南港,舊莊,二,125,500,超限利用,,,80000
CA08808005,1999/8/23,續予處分,內湖,碧山,二,733,300,未依規定期限改正,,,100000
CA08808006,1999/8/31,結案,士林,平等,二,545,250,農業違規,,,60000
CA08809001,1999/9/1,結案,士林,至善,七,26,30,其他,,,60000
CA08809002,1999/9/2,結案,北投,行義,一,237,30,其他,,,60000
CA08809003,1999/9/2,結案,內湖,西湖,一,52-46,60,其他,,,60000
CA08809004,1999/9/3,續予處分,士林,天玉,一,623,8070,未依規定期限改正,,,300000
CA08809005,1999/9/4,結案,內湖,碧山,二,733,300,未依規定期限改正,,,150000
CA08809006,1999/9/6,結案,北投,湖山,三,;;189-1;190;191;197-1;;,400,未依核定計畫施工,,,60000
CA08809007,1999/9/16,撤銷,內湖,碧山,二,;737;,150,其他,,,60000
CA08809008,1999/9/29,結案,信義,吳興,二,443-1,22,未依規定期限改正,,,100000
CA08809009,1999/9/30,續予處分,南港,舊莊,三,303,100,未經申請開挖整地,,,60000
CA08809010,1999/9/30,續予處分,內湖,碧湖,一,24,450,未經申請開挖整地,,,60000
CA08810001,1999/10/1,結案,北投,桃源,五,197,20,未經申請開挖整地,,,60000
CA08810002,1999/10/7,結案,士林,天玉,三,299,150,未依規定期限改正,,,80000
CA08810003,1999/10/15,結案,北投,秀山,三,263,350,其他,,,60000
CA08810004,1999/10/18,撤銷,文山,草湳,三,;197;,500,其他,,,300000
CA08810005,1999/10/20,結案,內湖,碧山,三,;293;,20,其他,,,60000
CA08810006,1999/10/21,結案,北投,新民,一,;377;,900,其他,,,80000
CA08810007,1999/10/21,結案,文山,指南,三,;683-2;,35,其他,,,60000
CA08810008,1999/10/27,續予處分,士林,天玉,一,545,8170,未依規定期限改正,,,300000
CA08810009,1999/10/30,結案,士林,新安,三,182,30,未經申請開挖整地,,,60000
CA08811001,1999/11/6,結案,南港,大豐,三,363,60,其他,,,60000
CA08811002,1999/11/15,撤銷,士林,至善,七,96,100,未經申請開挖整地,,,60000
CA08811003,1999/11/19,結案,士林,天玉,一,534,150,未經申請開挖整地,,,60000
CA08812001,1999/12/2,撤銷,南港,麗山,二,;475;,150,其他,,,60000
CA08812003,1999/12/2,結案,信義,永春,三,80,120,未經申請開挖闢路,,,60000
CA08812002,1999/12/2,結案,士林,至善,七,96,100,未經申請開挖整地,,,60000
CA08812004,1999/12/6,結案,士林,翠山,二,;45-2;,100,未經申請開挖整地,,,60000
CA08812005,1999/12/6,續予處分,士林,天玉,一,563,8200,未依規定期限改正,,,300000
CA08812006,1999/12/6,結案,南港,舊莊,二,306,350,其他,是,2001/12/6,60000
CA08812007,1999/12/7,續予處分,北投,大屯,四,80,40,未經申請開挖整地,,,60000
CA08812009,1999/12/8,結案,士林,至善,五,;612;,100,其他,,,60000
CA08812008,1999/12/8,結案,內湖,石潭,二,283,200,未經申請開挖整地,,,60000
CA08812010,1999/12/15,結案,士林,平等,三,716,1500,未經申請開挖整地,,,100000
CA08812011,1999/12/17,結案,士林,新安,三,;526;,100,未經申請開挖整地,,,60000
CA08812012,1999/12/18,結案,內湖,康寧,二,243-1,70,未經申請開挖整地,,,60000
CA08812013,1999/12/28,結案,內湖,石潭,二,150,16,其他,,,60000
CA08812014,1999/12/30,續予處分,南港,舊莊,三,303,150,未依規定期限改正,,,80000
CA08901001,2000/1/4,續予處分,士林,天玉,一,;543;,8700,未依規定期限改正,,,300000
CA08901002,2000/1/11,續予處分,北投,泉源,二,111,400,未經申請開挖整地,,,60000
CA08901003,2000/1/14,結案,士林,平等,一,184,500,未經申請開挖整地,,,60000
CA08901004,2000/1/27,結案,內湖,大湖,四,64,1000,未經申請開挖整地,,,80000
CA08901005,2000/1/28,結案,南港,舊莊,三,303,650,未依規定期限改正,,,100000
CA08901006,2000/1/31,結案,北投,溫泉,三,280,200,未經申請開挖整地,,,60000
CA08902001,2000/2/2,結案,士林,翠山,二,734,300,未經申請開挖整地,,,60000
CA08902002,2000/2/3,撤銷,士林,翠山,一,230,1000,未經申請開挖整地,,,80000
CA08902003,2000/2/8,續予處分,北投,泉源,二,;180;,300,未經申請開挖整地,,,60000
CA08902004,2000/2/19,續予處分,士林,天玉,一,563,12200,未依規定期限改正,,,300000
CA08902005,2000/2/22,結案,士林,力行,一,85,600,未經申請開挖整地,,,80000
CA08902006,2000/2/22,結案,北投,湖田,一,146,400,未經申請開挖整地,,,60000
CA08903001,2000/3/2,結案,士林,溪山,三,75,100,未依規定期限改正,,,80000
CA08903002,2000/3/4,結案,士林,平等,三,735,300,未經申請開挖整地,,,60000
CA08903003,2000/3/4,結案,南港,舊莊,一,;207;,500,未經申請開挖闢路,,,60000
CA08903004,2000/3/9,結案,士林,翠山,一,;91-1;,200,未依規定期限改正,,,80000
CA08903005,2000/3/14,續予處分,士林,天玉,一,636-1,13200,未依規定期限改正,,,300000
CA08903006,2000/3/15,續予處分,內湖,碧山,一,372,1600,其他,,,150000
CA08903007,2000/3/15,結案,內湖,大湖,三,100,600,其他,,,80000
CA08903008,2000/3/23,結案,內湖,東湖,六,;;468;469;470;471;;,950,未經申請開挖闢路,,,80000
CA08903010,2000/3/24,結案,士林,芝蘭,二,572,100,未經申請開挖整地,,,60000
CA08903009,2000/3/24,結案,北投,泉源,三,;203;,50,其他,,,60000
CA08904001,2000/4/17,撤銷,士林,天玉,三,;7;,150,堆積土石,,,60000
CA08904002,2000/4/18,結案,士林,華岡,二,;213;,100,其他,,,80000
CA08905001,2000/5/2,續予處分,士林,芝蘭,三,394,500,未經申請開挖整地,,,60000
CA08905002,2000/5/3,續予處分,內湖,東湖,六,61,600,未經申請開挖整地,,,80000
CA08905003,2000/5/5,續予處分,士林,天玉,一,610,13400,未依規定期限改正,,,300000
CA08905004,2000/5/8,結案,信義,吳興,二,623-2,150,未經申請開挖整地,,,60000
CA08905005,2000/5/18,續予處分,士林,天玉,一,619,13300,未依規定期限改正,,,300000
CA08905006,2000/5/24,結案,內湖,碧山,一,360,1600,未依規定期限改正,,,200000
CA08905008,2000/5/26,續予處分,士林,天玉,一,543,13800,未依規定期限改正,,,300000
CA08905009,2000/5/26,續予處分,士林,天玉,一,563,13900,未依規定期限改正,,,300000
CA08905010,2000/5/26,續予處分,士林,天玉,一,564,14000,未依規定期限改正,,,300000
CA08905007,2000/5/26,續予處分,士林,天玉,一,619,13650,未依規定期限改正,,,300000
CA08905011,2000/5/31,結案,北投,崇仰,二,15,92,未經申請開挖整地,,,60000
CA08906004,2000/6/1,續予處分,士林,天玉,一,639,14100,未依規定期限改正,,,300000
CA08906001,2000/6/1,結案,文山,老泉,二,102,300,其他,,,60000
CA08906002,2000/6/1,結案,文山,指南,四,409,150,未經申請開挖整地,,,60000
CA08906003,2000/6/1,續予處分,士林,天玉,一,592,14100,未依規定期限改正,,,300000
CA08906005,2000/6/9,撤銷,北投,崇仰,一,;56;,30,未經申請開挖整地,,,60000
CA08906006,2000/6/12,結案,內湖,文德,二,23408,150,未經申請開挖整地,,,60000
CA08906007,2000/6/14,撤銷,北投,湖田,二,;31;,95,未經申請開挖整地,,,60000
CA08906008,2000/6/20,結案,文山,老泉,一,389,150,未經申請開挖闢路,,,60000
CA08906009,2000/6/22,結案,士林,平等,二,72,200,未依核定計畫施工,,,60000
CA08906010,2000/6/23,結案,北投,湖田,二,443,100,未經申請開挖整地,,,60000
CA08906011,2000/6/23,結案,文山,老泉,二,154,60,未經申請開挖整地,,,60000
CA08906012,2000/6/23,結案,北投,湖田,二,117,200,未經申請開挖整地,,,60000
CA08906013,2000/6/23,結案,北投,湖田,二,279,450,未經申請開挖整地,,,60000
CA08906014,2000/6/23,結案,北投,湖田,二,399,250,未經申請開挖整地,,,60000
CA08906016,2000/6/23,結案,北投,湖田,二,117,500,未經申請開挖整地,,,60000
CA08906017,2000/6/23,結案,北投,湖田,二,270,70,未經申請開挖整地,,,60000
CA08906015,2000/6/23,結案,文山,草湳,三,;197;,500,其他,,,60000
CA08906023,2000/6/27,續予處分,士林,天玉,一,592,14115,未依規定期限改正,,,300000
CA08906018,2000/6/27,撤銷,南港,中南,四,;810;,300,未經申請開挖整地,,,60000
CA08906019,2000/6/27,續予處分,士林,天玉,一,639,14100,未依規定期限改正,,,300000
CA08906020,2000/6/27,續予處分,士林,天玉,一,599-1,14105,未依規定期限改正,,,300000
CA08906021,2000/6/27,續予處分,士林,天玉,一,543,14105,未依規定期限改正,,,300000
CA08906024,2000/6/27,續予處分,士林,天玉,一,621,14115,未依規定期限改正,,,300000
CA08906022,2000/6/27,續予處分,士林,天玉,一,546,14115,未依規定期限改正,,,300000
CA08907001,2000/7/3,結案,南港,中南,一,531,40,未經申請開挖整地,,,60000
CA08907002,2000/7/3,結案,士林,新安,二,391,250,未經申請開挖整地,,,60000
CA08907003,2000/7/3,結案,北投,桃源,二,;;23;24;25;83;87;;,800,未經申請開挖闢路,,,80000
CA08907004,2000/7/6,結案,士林,菁山,二,;85;,80,其他,,,60000
CA08907005,2000/7/6,撤銷,文山,頭廷,三,;104;,28,未經申請開挖整地,,,60000
CA08907006,2000/7/11,撤銷,信義,祥和,一,91,15,未經申請開挖整地,,,60000
CA08907007,2000/7/11,結案,大安,辛亥,四,;590-4;,500,其他,,,60000
CA08907008,2000/7/14,結案,北投,大屯,一,409,30,未經申請開挖整地,,,60000
CA08907009,2000/7/19,結案,北投,湖田,二,;147;,95,未經申請開挖整地,,,60000
CA08907021,2000/7/24,續予處分,士林,天玉,一,;543;,14225,未依規定期限改正,,,300000
CA08907022,2000/7/24,續予處分,士林,天玉,一,;543;,14235,未依規定期限改正,,,300000
CA08907013,2000/7/24,續予處分,士林,天玉,一,;543;,14155,未依規定期限改正,,,300000
CA08907014,2000/7/24,續予處分,士林,天玉,一,;543;,14175,未依規定期限改正,,,300000
CA08907015,2000/7/24,續予處分,士林,天玉,一,;543;,14185,未依規定期限改正,,,300000
CA08907010,2000/7/24,續予處分,士林,天玉,一,;543;,14135,未依規定期限改正,,,300000
CA08907011,2000/7/24,續予處分,士林,天玉,一,;543;,14145,未依規定期限改正,,,300000
CA08907012,2000/7/24,撤銷,士林,天玉,一,;543;,14155,未依規定期限改正,,,300000
CA08907020,2000/7/24,撤銷,士林,天玉,一,;543;,14225,未依規定期限改正,,,300000
CA08907016,2000/7/24,續予處分,士林,天玉,一,;543;,14195,未依規定期限改正,,,300000
CA08907017,2000/7/24,續予處分,士林,天玉,一,;543;,14205,未依規定期限改正,,,300000
CA08907018,2000/7/24,續予處分,士林,天玉,一,;543;,14205,未依規定期限改正,,,300000
CA08907019,2000/7/24,續予處分,士林,天玉,一,;543;,14215,未依規定期限改正,,,300000
CA08907023,2000/7/25,結案,南港,大豐,三,;330;,2000,未依核定計畫施工,,,100000
CA08907024,2000/7/26,撤銷,內湖,碧湖,一,24,300,未依規定期限改正,,,80000
CA08907025,2000/7/26,續予處分,內湖,大湖,四,521,1500,其他,,,100000
CA08907026,2000/7/27,結案,士林,新安,四,52,480,其他,,,60000
CA08907027,2000/7/28,續予處分,信義,永春,三,45825,480,未經申請開挖整地,,,60000
CA08908004,2000/8/2,結案,內湖,西湖,一,45,55,其他,,,60000
CA08908005,2000/8/2,結案,士林,溪山,一,550,50,未經申請開挖整地,,,60000
CA08908007,2000/8/2,結案,北投,行義,一,28,50,未經申請開挖整地,,,60000
CA08908003,2000/8/2,結案,士林,菁山,一,;199-1;,400,未依核定計畫施工,,,60000
CA08908006,2000/8/2,結案,北投,行義,四,8,50,未經申請開挖整地,,,60000
CA08908001,2000/8/2,結案,南港,舊莊,四,297,500,堆積土石,,,60000
CA08908008,2000/8/3,結案,南港,新光,二,577,20,未經申請開挖整地,,,60000
CA08908009,2000/8/4,結案,南港,麗山,一,184,500,其他,,,60000
CA08908010,2000/8/5,撤銷,內湖,西湖,二,;77;,55,未經申請開挖整地,,,60000
CA08908011,2000/8/5,結案,士林,至善,四,635,300,未經申請開挖整地,,,60000
CA08908012,2000/8/5,結案,士林,菁山,二,30317,450,未依規定期限改正,,,80000
CA08908013,2000/8/7,結案,士林,天玉,一,941,350,未經申請開挖整地,,,60000
CA08908014,2000/8/7,續予處分,南港,中南,四,805-1,300,未經申請開挖整地,,,60000
CA08908015,2000/8/7,結案,內湖,康寧,二,102,250,其他,,,60000
CA08908016,2000/8/8,撤銷,北投,新民,一,152,400,未經申請開挖整地,,,60000
CA08908002,2000/8/11,續予處分,南港,舊莊,四,44,650,未經申請開挖整地,,,80000
CA08908017,2000/8/11,撤銷,士林,溪山,一,;238;,70,未經申請開挖整地,,,60000
CA08908018,2000/8/17,撤銷,內湖,碧湖,一,;;116;118;119;218;;,100,未經申請開挖整地,,,60000
CA08908019,2000/8/24,結案,北投,泉源,二,111,400,未依規定期限改正,,,80000
CA08908020,2000/8/25,結案,北投,泉源,二,;180;,300,未依規定期限改正,,,80000
CA08908021,2000/8/29,結案,南港,中南,三,337,400,未經申請開挖闢路,,,60000
CA08908022,2000/8/29,續予處分,士林,溪山,三,237,100,未經申請開挖闢路,,,60000
CA08909001,2000/9/1,續予處分,文山,頭廷,二,266,250,未依核定計畫施工,,,60000
CA08909002,2000/9/2,結案,士林,溪山,三,;736;,100,未經申請開挖整地,,,60000
CA08909003,2000/9/7,結案,士林,翠山,一,;91-1;,200,未依規定期限改正,,,100000
CA08909004,2000/9/22,結案,北投,新民,一,152,400,未經申請開挖整地,,,60000
CA08910001,2000/10/16,結案,北投,新民,一,;155;,80,未依核定計畫施工,,,60000
CA08910002,2000/10/18,撤銷,士林,芝山,三,;201;,100,未經申請開挖整地,,,60000
CA08910003,2000/10/19,撤銷,士林,天玉,三,74,30,未經申請開挖整地,,,60000
CA08910004,2000/10/24,結案,士林,平等,一,328,150,未經申請開挖整地,,,60000
CA08910005,2000/10/27,結案,士林,力行,三,181,200,未經申請開挖整地,,,60000
CA08910006,2000/10/27,結案,內湖,碧湖,四,1022,250,未經申請開挖闢路,,,60000
CA08911001,2000/11/1,結案,北投,湖山,二,568,80,未經申請開挖整地,,,60000
CA08911002,2000/11/8,結案,士林,翠山,一,232,1000,未經申請開挖整地,,,60000
CA08911003,2000/11/10,撤銷,士林,力行,三,;190-1;,40,未經申請開挖闢路,,,60000
CA08911004,2000/11/14,結案,北投,湖山,一,453,50,未經申請開挖整地,,,60000
CA08911005,2000/11/20,續予處分,士林,芝蘭,三,107,360,堆積土石,,,60000
CA08911006,2000/11/21,結案,內湖,大湖,四,360,30,堆積土石,,,60000
CA08911007,2000/11/24,結案,北投,湖山,一,444-1,130,堆積土石,,,60000
CA08911008,2000/11/24,結案,內湖,碧山,一,150,50,未經申請開挖闢路,,,60000
CA08911009,2000/11/27,續予處分,士林,天玉,一,543,14235,未依規定期限改正,,,300000
CA08911010,2000/11/28,結案,內湖,西湖,一,;52-25;,50,未經申請開挖整地,,,60000
CA08912001,2000/12/11,結案,士林,天玉,三,74,30,未經申請開挖整地,,,60000
CA08912002,2000/12/15,結案,內湖,東湖,五,;455;,150,未經申請開挖整地,,,60000
CA08912003,2000/12/16,結案,文山,頭廷,二,266,250,未依規定期限改正,,,80000
CA08912004,2000/12/19,續予處分,北投,桃源,二,504,2500,未經申請開挖整地,,,150000
CA09001001,2001/1/10,結案,大安,辛亥,四,620-2,20,未經申請開挖整地,是,2003/1/10,60000
CA09001003,2001/1/10,結案,士林,翠山,一,;172-4;,50,其他,是,2003/1/10,60000
CA09001004,2001/1/10,結案,士林,芝蘭,三,107,360,未依規定期限改正,,,80000
CA09001005,2001/1/10,續予處分,中山,北安,一,200,50,其他,是,2003/1/10,60000
CA09001002,2001/1/10,結案,士林,至善,一,;425;,100,未經申請開挖整地,是,2003/1/10,60000
CA09001006,2001/1/12,續予處分,士林,天玉,一,;543;,14235,未依規定期限改正,,,300000
CA09001007,2001/1/17,結案,北投,湖山,三,;738-1;,30,未經申請開挖整地,是,2003/1/17,60000
CA09001008,2001/1/31,結案,北投,桃源,三,;174;,400,未經申請開挖整地,是,2003/1/31,60000
CA09002001,2001/2/1,結案,內湖,文德,一,;224;,350,未經申請開挖整地,是,2003/2/1,60000
CA09002002,2001/2/2,續予處分,北投,行義,一,51,80,未經申請開挖整地,是,2003/2/2,60000
CA09002003,2001/2/6,結案,士林,溪山,三,237,100,未依規定期限改正,,,80000
CA09002004,2001/2/8,結案,內湖,西湖,二,;451;,65,未經申請開挖整地,是,2003/2/8,60000
CA09002005,2001/2/9,結案,內湖,西湖,二,61,450,未經申請開挖整地,,,60000
CA09002011,2001/2/9,結案,士林,新安,一二,;;;;,54,未依核定計畫施工,,,60000
CA09002006,2001/2/19,續予處分,士林,天玉,一,560,14235,未依規定期限改正,,,300000
CA09002007,2001/2/19,續予處分,士林,天玉,一,610,14235,未依規定期限改正,,,300000
CA09002008,2001/2/23,撤銷,南港,麗山,二,;475;,150,其他,是,2003/2/23,60000
CA09002009,2001/2/26,結案,士林,新安,四,231-1,20,未經申請開挖整地,是,2003/3/1,60000
CA09002010,2001/2/27,結案,文山,萬芳,二,;488;,750,未經申請開挖整地,是,2003/2/27,80000
CA09003001,2001/3/1,結案,北投,湖山,二,292,200,未經申請開挖整地,是,2003/3/1,60000
CA09003002,2001/3/7,撤銷,北投,新民,一,;377;,75,未經申請開挖整地,是,2003/3/7,80000
CA09003003,2001/3/15,結案,北投,湖山,二,568,80,未依規定期限改正,,,80000
CA09003005,2001/3/20,結案,北投,大屯,四,80,40,未依規定期限改正,,,80000
CA09003004,2001/3/21,結案,北投,泉源,二,463,500,未經申請開挖整地,是,2003/3/22,60000
CA09003006,2001/3/22,撤銷,南港,新光,二,;414;,100,未經申請開挖整地,是,2003/3/22,60000
CA09004001,2001/4/11,續予處分,士林,天玉,一,659,14235,未依規定期限改正,,,300000
CA09004002,2001/4/11,結案,文山,萬芳,二,357-1,100,未經申請開挖闢路,,,60000
CA09004007,2001/4/18,結案,士林,平等,三,;474;,30,未經申請開挖整地,是,2003/4/18,60000
CA09004003,2001/4/19,結案,信義,吳興,二,;487-1;,80,未經申請開挖整地,是,2003/4/19,60000
CA09004004,2001/4/24,結案,士林,翠山,一,152,500,未經申請開挖整地,是,2003/4/30,60000
CA09004005,2001/4/26,結案,士林,菁山,二,85,50,未依規定期限改正,,,100000
CA09004006,2001/4/30,續予處分,士林,天玉,一,;543;,14235,未依規定期限改正,,,300000
CA09005001,2001/5/9,結案,士林,新安,一,413,300,未經申請開挖整地,是,2003/5/15,60000
CA09005002,2001/5/9,結案,北投,泉源,四,;196;,100,未經申請開挖整地,是,2003/5/9,60000
CA09005003,2001/5/10,續予處分,士林,福林,二,18994,200,未經申請開挖整地,是,2003/5/22,60000
CA09005004,2001/5/10,結案,士林,華岡,四,716,60,未經申請開挖整地,是,2003/5/10,60000
CA09005005,2001/5/16,續予處分,士林,芝蘭,四,746,150,未經申請開挖整地,是,2003/5/16,60000
CA09005006,2001/5/16,結案,士林,天玉,三,;189;,300,其他,是,2003/5/16,60000
CA09005007,2001/5/17,續予處分,內湖,大湖,一,98,200,未經申請開挖整地,是,2003/5/23,60000
CA09005008,2001/5/24,結案,北投,泉源,三,;164-2;,200,未經申請開挖整地,是,2003/5/24,60000
CA09005009,2001/5/24,續予處分,士林,天玉,一,556,14235,未依規定期限改正,,,300000
CA09005010,2001/5/30,續予處分,北投,桃源,二,504,2500,未依規定期限改正,是,2003/6/1,200000
CA09005011,2001/5/31,結案,文山,公訓,三,;19;,200,未經申請開挖闢路,是,2003/5/31,60000
CA09006001,2001/6/1,結案,士林,至善,七,62,700,未依核定計畫施工,,,80000
CA09006002,2001/6/5,結案,文山,政大,三,;148;,750,未依核定計畫施工,,,80000
CA09006003,2001/6/6,結案,中山,北安,一,200,50,未依規定期限改正,,,80000
CA09006004,2001/6/12,結案,內湖,碧山,一,287,240,未經申請開挖整地,,,60000
CA09006005,2001/6/14,結案,南港,大豐,三,;190;,2000,未經申請開挖整地,是,2003/6/14,100000
CA09006006,2001/6/19,續予處分,士林,天玉,一,;543;,14235,未依規定期限改正,,,300000
CA09006007,2001/6/26,結案,士林,福林,二,18994,200,未依規定期限改正,,,80000
CA09006008,2001/6/26,結案,士林,芝蘭,三,420,200,未經申請開挖整地,,,80000
CA09007001,2001/7/2,結案,北投,湖山,一,;444-2;,30,未經申請開挖整地,是,2003/7/2,60000
CA09007002,2001/7/12,結案,信義,永春,三,45825,480,未依規定期限改正,,,80000
CA09007003,2001/7/16,結案,內湖,大湖,一,;;98;;,40,未依規定期限改正,,,80000
CA09007004,2001/7/16,結案,文山,富德,二,210,70,未經申請開挖整地,是,2003/7/20,60000
CA09007005,2001/7/16,續予處分,士林,天玉,一,;;543;544;545;546;547;553;554;556;558;559;560;561;562;563;564;584;591;592;593;599-1;610;611;612;613;617;618;619;620;621;622;623;624;625;626;627;637;638;639;640;635;636-1;641;642;659;;,14235,未依規定期限改正,,,300000
CA09007006,2001/7/24,結案,北投,行義,一,51,80,未依規定期限改正,,,80000
CA09007007,2001/7/24,結案,內湖,文德,三,;480-3;,2500,未經申請開挖整地,是,2003/7/24,60000
CA09007008,2001/7/25,續予處分,士林,天玉,一,;543;,14235,未依規定期限改正,,,300000
CA09007009,2001/7/27,結案,南港,麗山,四,352,5500,未依規定期限改正,,,300000
CA09007010,2001/7/31,續予處分,士林,芝蘭,三,394,500,未依規定期限改正,,,80000
CA09008001,2001/8/2,結案,文山,頭廷,二,162,90,其他,是,2003/8/2,60000
CA09008002,2001/8/8,結案,北投,關渡,三,102,33,未經申請開挖整地,,,60000
CA09008003,2001/8/8,結案,南港,舊莊,三,153-2,36,未經申請開挖整地,是,2003/10/30,60000
CA09008005,2001/8/22,續予處分,士林,天玉,一,543,14235,未依規定期限改正,,,300000
CA09008006,2001/8/24,結案,士林,平等,三,487,30,未經申請開挖整地,是,2003/8/29,60000
CA09008007,2001/8/24,續予處分,信義,吳興,三,;163-5;,10,未經申請開挖整地,是,2003/8/29,60000
CA09008008,2001/8/27,結案,士林,至善,四,86,400,未經申請開挖整地,是,2003/8/27,60000
CA09008009,2001/8/28,結案,南港,中南,四,805-1,300,未依規定期限改正,,,80000
CA09008010,2001/8/28,結案,士林,新安,四,53,400,其他,是,2003/8/28,80000
CA09009001,2001/9/4,結案,北投,湖山,三,333,363,未經申請開挖整地,是,2003/9/7,60000
CA09009002,2001/9/6,結案,南港,麗山,一,112,200,未經申請開挖整地,是,2003/9/10,60000
CA09009003,2001/9/10,結案,內湖,石潭,二,156,500,堆積土石,是,2003/9/12,60000
CA09009004,2001/9/10,續予處分,北投,桃源,二,504,2500,未依規定期限改正,,,150000
CA09009005,2001/9/13,結案,內湖,文德,三,352-1,800,未依核定計畫施工,,,80000
CA09010001,2001/10/3,結案,士林,新安,一二,;;;;,54,未依規定期限改正,,,100000
CA09010002,2001/10/5,撤銷,內湖,碧湖,一,130,30,未依規定期限改正,,,100000
CA09010003,2001/10/12,結案,士林,新安,五,;339;,50,堆積土石,是,2003/10/12,60000
CA09010004,2001/10/12,續予處分,士林,天玉,一,;543;,14235,未依規定期限改正,,,300000
CA09010005,2001/10/12,撤銷,內湖,東湖,五,;539;,500,未經申請開挖整地,是,2003/10/12,60000
CA09010006,2001/10/17,撤銷,北投,湖山,三,;738-1;,25,未經申請開挖整地,是,2003/10/17,60000
CA09010007,2001/10/24,結案,文山,博嘉,三,843,30,未經申請開挖整地,是,2003/10/25,60000
CA09010008,2001/10/25,續予處分,文山,博嘉,三,66,550,未經申請開挖整地,是,2003/10/30,80000
CA09011001,2001/11/9,續予處分,士林,至善,四,218,7000,未依規定期限改正,,,300000
CA09011002,2001/11/13,續予處分,內湖,碧湖,一,24,300,未依規定期限改正,,,80000
CA09011003,2001/11/13,續予處分,內湖,碧湖,一,26,30,未依規定期限改正,,,60000
CA09011004,2001/11/16,結案,士林,新安,一,9,400,其他,是,2003/11/16,60000
CA09011005,2001/11/16,結案,士林,平等,二,;171;,2300,未經申請開挖整地,是,2003/11/20,150000
CA09011006,2001/11/19,結案,北投,桃源,二,504,2500,未依規定期限改正,,,200000
CA09011007,2001/11/21,結案,北投,行義,一,;160;,100,未經申請開挖整地,是,2003/11/26,60000
CA09011008,2001/11/28,結案,內湖,文德,二,;108-3;,400,未經申請開挖整地,,,60000
CA09012001,2001/12/4,撤銷,內湖,康寧,三,;361;,250,未經申請開挖整地,,,60000
CA09012002,2001/12/6,結案,信義,吳興,三,;163-5;,25,未依規定期限改正,,,80000
CA09012003,2001/12/17,撤銷,南港,新光,二,;12;,50,未經申請開挖整地,,,60000
CA09012004,2001/12/26,續予處分,北投,行義,一,214,1000,未經申請開挖整地,是,2011/12/26,80000
CA09101001,2002/1/4,結案,士林,菁山,二,;15;,80,未經申請開挖闢路,是,2004/1/4,60000
CA09101002,2002/1/7,續予處分,士林,芝蘭,四,746,150,未依規定期限改正,,,80000
CA09101003,2002/1/7,結案,北投,行義,一,214,5500,未依規定期限改正,,,300000
CA09101005,2002/1/8,續予處分,士林,天玉,一,;543;,14235,未依規定期限改正,,,300000
CA09101004,2002/1/8,結案,士林,芝蘭,三,394,500,未依規定期限改正,,,100000
CA09101006,2002/1/15,結案,內湖,東湖,六,461,500,未經申請開挖闢路,是,2004/1/15,60000
CA09101007,2002/1/16,結案,文山,指南,二,141-1,30,其他,,,60000
CA09101008,2002/1/25,續予處分,士林,至善,四,142,7000,未依規定期限改正,,,300000
CA09101009,2002/1/28,結案,信義,福德,四,203,90,未經申請開挖闢路,是,2004/1/28,60000
CA09101010,2002/1/31,結案,南港,大豐,三,272,100,未經申請開挖闢路,是,2004/2/4,60000
CA09102001,2002/2/21,結案,士林,至善,一,;118;,30,未經申請開挖整地,,,60000
CA09103001,2002/3/11,結案,北投,崇仰,一,;122;,10,未經申請開挖整地,是,2004/3/11,60000
CA09103002,2002/3/11,結案,北投,行義,一,461,1800,堆積土石,,,100000
CA09103003,2002/3/13,結案,北投,泉源,三,322,70,其他,是,2004/3/18,60000
CA09103004,2002/3/19,結案,北投,新民,四,;57;,130,未經申請開挖整地,是,2004/4/21,60000
CA09103005,2002/3/25,續予處分,士林,天玉,一,;543;,14235,未依規定期限改正,,,300000
CA09104001,2002/4/12,續予處分,士林,天玉,一,;543;,14235,未依規定期限改正,,,300000
CA09104002,2002/4/18,結案,北投,湖山,三,;395;,90,未經申請開挖整地,是,2004/4/22,60000
CA09104003,2002/4/25,結案,北投,桃源,二,;;658;;,200,未經申請開挖整地,是,,60000
CA09105001,2002/5/1,撤銷,南港,新光,二,;414;,100,未依規定期限改正,,,80000
CA09105002,2002/5/6,續予處分,士林,天玉,一,613,14235,未依規定期限改正,,,300000
CA09105003,2002/5/6,結案,北投,湖山,二,460,1500,未經申請開挖整地,是,2004/5/6,100000
CA09105004,2002/5/15,結案,北投,新民,一,;379;,100,未經申請開挖整地,是,2004/5/15,60000
CA09105005,2002/5/17,結案,北投,新民,一,;155;,30,未經申請開挖整地,是,2004/5/17,60000
CA09105006,2002/5/24,結案,北投,大屯,四,390,10,未經申請開挖整地,是,2004/5/24,60000
CA09105007,2002/5/28,結案,內湖,石潭,一,102,450,未經申請開挖闢路,是,2004/5/28,60000
CA09106001,2002/6/14,結案,信義,犁和,一,;437-1;,300,未經申請開挖整地,是,2004/6/14,60000
CA09106002,2002/6/14,結案,士林,溪山,二,389,20,未經申請開挖整地,,,60000
CA09106003,2002/6/17,結案,北投,秀山,三,295,30,未經申請開挖整地,是,2004/6/17,60000
CA09106004,2002/6/21,結案,士林,翠山,一,174,250,未經申請開挖整地,是,2004/6/21,60000
CA09107005,2002/7/1,結案,士林,新安,,;;;;,400,未依核定計畫施工,,,60000
CA09107001,2002/7/1,結案,內湖,碧湖,一,25,30,未依規定期限改正,,,80000
CA09107002,2002/7/2,續予處分,士林,天玉,一,637,14235,未依規定期限改正,,,300000
CA09107003,2002/7/3,結案,文山,老泉,三,154,30,未經申請開挖整地,,,60000
CA09107004,2002/7/3,結案,信義,福德,四,242,250,未經申請開挖整地,,,60000
CA09107006,2002/7/10,續予處分,南港,中南,一,533,6000,未經申請開挖整地,是,2004/7/10,300000
CA09107007,2002/7/17,結案,文山,指南,二,80,160,未經申請開挖整地,是,2004/7/18,60000
CA09107008,2002/7/19,結案,信義,犁和,一,261,60,未經申請開挖整地,,,60000
CA09107009,2002/7/22,撤銷,文山,頭廷,二,;438;,20,未經申請開挖整地,是,2004/7/22,60000
CA09107010,2002/7/23,結案,士林,芝蘭,四,746,150,未依規定期限改正,,,100000
CA09107011,2002/7/26,續予處分,,,,;;,40,未經申請開挖整地,是,2004/7/30,60000
CA09108001,2002/8/6,結案,文山,博嘉,三,66,550,未依規定期限改正,,,100000
CA09108002,2002/8/12,續予處分,內湖,東湖,六,10,600,未依規定期限改正,,,100000
CA09108003,2002/8/15,結案,士林,至善,一,;118;,30,未經申請開挖整地,是,2004/8/15,60000
CA09108004,2002/8/15,撤銷,士林,至善,一,;420;,200,未經申請開挖整地,是,2004/8/15,60000
CA09108005,2002/8/23,撤銷,士林,菁山,二,172,300,未經申請開挖闢路,,,60000
CA09108006,2002/8/27,結案,北投,泉源,四,164,160,未依核定計畫施工,,,60000
CA09109001,2002/9/5,結案,南港,中南,一,535,8000,未依規定期限改正,,,300000
CA09109002,2002/9/11,結案,文山,博嘉,三,;;847;;,130,未依核定計畫施工,,,60000
CA09110001,2002/10/1,結案,文山,富德,二,204,450,未經申請開挖整地,是,2004/10/1,60000
CA09110002,2002/10/8,結案,內湖,東湖,六,;;10;14;19;61;;,600,未依規定期限改正,,,150000
CA09110003,2002/10/8,結案,士林,至善,一,;284;,40,未依規定期限改正,,,80000
CA09110004,2002/10/23,續予處分,內湖,大湖,四,521,1500,未依規定期限改正,,,150000
CA09110005,2002/10/29,結案,士林,天玉,三,420,500,未經申請開挖整地,是,2004/10/29,60000
CA09111001,2002/11/11,結案,文山,老泉,二,;534;,60,未經申請開挖整地,,,60000
CA09111002,2002/11/11,結案,內湖,文德,三,262-2,500,未依核定計畫施工,,,60000
CA09111003,2002/11/11,結案,士林,華岡,一,;91;,100,未依核定計畫施工,,,60000
CA09111004,2002/11/18,結案,信義,福德,四,242,150,未經申請開挖整地,,,60000
CA09111005,2002/11/21,結案,中山,北安,一,81,45,未經申請開挖整地,,,60000
CA09111006,2002/11/27,續予處分,士林,新安,五,252,200,未經申請開挖整地,是,2004/12/4,60000
CA09112001,2002/12/2,結案,北投,新民,四,9,30,未經申請開挖整地,,,60000
CA09112002,2002/12/6,結案,士林,平等,三,;;459;;,40,未經申請開挖整地,是,2004/12/11,60000
CA09112003,2002/12/9,結案,北投,湖山,三,682-2,100,堆積土石,是,2004/12/11,60000
CA09112004,2002/12/13,結案,南港,舊莊,四,279,450,未經申請開挖整地,是,2004/12/13,60000
CA09112005,2002/12/19,結案,北投,新民,四,9,33,未依規定期限改正,是,2004/12/19,80000
CA09112006,2002/12/20,結案,文山,政大,三,136,450,未經申請開挖整地,是,2004/12/20,60000
CA09112007,2002/12/26,結案,北投,新民,四,9,33,未經申請開挖整地,是,2004/12/26,100000
CA09112008,2002/12/27,結案,士林,天玉,三,460-1,30,未依核定計畫施工,,,60000
CA09201001,2003/1/10,結案,信義,福德,四,242,300,未經申請開挖整地,,,60000
CA09201005,2003/1/15,結案,士林,翠山,二,451,1100,未依核定計畫施工,,,100000
CA09201003,2003/1/15,續予處分,北投,溫泉,一,38,110,未依核定計畫施工,,,60000
CA09201002,2003/1/16,續予處分,士林,新安,二,391,600,未經申請開挖整地,,,60000
CA09202002,2003/2/10,結案,文山,博嘉,三,847,40,未經申請開挖整地,,,60000
CA09202001,2003/2/11,結案,南港,舊莊,四,44,650,未依規定期限改正,,,100000
CA09202008,2003/2/14,續予處分,北投,秀山,三,307,250,未經申請開挖整地,是,2005/2/14,60000
CA09202011,2003/2/18,結案,內湖,大湖,四,521,1500,未依規定期限改正,,,200000
CA09202010,2003/2/20,結案,南港,中南,四,788,150,未經申請開挖整地,是,2005/2/20,60000
CA09202005,2003/2/21,續予處分,北投,行義,一,76,400,未經申請開挖整地,,,60000
CA09202004,2003/2/24,結案,士林,新安,二,391,600,未依規定期限改正,是,2005/3/5,80000
CA09202003,2003/2/24,結案,士林,新安,五,252,500,未依規定期限改正,,,100000
CA09202009,2003/2/26,結案,士林,力行,一,110,80,未經申請開挖整地,,,60000
CA09203008,2003/3/17,結案,北投,湖山,三,516-1,400,未經申請開挖整地,是,2005/3/19,60000
CA09203006,2003/3/19,續予處分,文山,老泉,二,63,400,未經申請開挖整地,,,80000
CA09203002,2003/3/20,結案,文山,指南,三,607,50,未經申請開挖整地,是,2005/3/20,60000
CA09203001,2003/3/25,結案,中山,北安,四,145,400,未經申請開挖整地,,,60000
CA09203009,2003/3/26,結案,大安,辛亥,四,586,40,未經申請開挖整地,,,60000
CA09203003,2003/3/31,續予處分,內湖,大湖,一,111,30,未經申請開挖整地,,,60000
CA09203010,2003/3/31,續予處分,內湖,文德,三,352-1,2300,未依核定計畫施工,,,150000
CA09204003,2003/4/4,結案,北投,行義,一,67,10,未經申請開挖整地,,,60000
CA09204005,2003/4/10,結案,北投,行義,一,70,3000,未經申請開挖整地,,,150000
CA09204001,2003/4/24,結案,內湖,石潭,二,45,20,未經申請開挖整地,,,60000
CA09205008,2003/5/5,續予處分,士林,至善,四,166,7000,未依規定期限改正,是,2005/5/7,300000
CA09205009,2003/5/5,撤銷,北投,桃源,二,;602;,100,未經申請開挖整地,,,60000
CA09205006,2003/5/6,撤銷,北投,湖山,三,;;711;;,60,未經申請開挖整地,,,60000
CA09205003,2003/5/9,結案,北投,秀山,三,315,250,未依規定期限改正,,,80000
CA09205004,2003/5/15,結案,北投,行義,一,50,300,未經申請開挖整地,,,60000
CA09205002,2003/5/19,續予處分,士林,天玉,一,;545;,1000,未依規定期限改正,,,300000
CA09205011,2003/5/29,續予處分,文山,草湳,三,203,800,未依核定計畫施工,,,80000
CA09205007,2003/5/30,結案,士林,新安,四,11,1800,未依核定計畫施工,,,100000
CA09205010,2003/5/30,續予處分,北投,溫泉,一,38,110,未依規定期限改正,,,80000
CA09206001,2003/6/5,結案,士林,至善,七,197,300,未經申請開挖整地,,,60000
CA09206007,2003/6/6,結案,士林,翠山,二,380,500,未經申請開挖整地,,,60000
CA09206006,2003/6/11,結案,士林,力行,一,110,100,未經申請開挖整地,,,60000
CA09206002,2003/6/17,續予處分,文山,老泉,二,63,400,未依規定期限改正,,,100000
CA09206003,2003/6/27,撤銷,內湖,康寧,二,91,1300,未經申請開挖整地,,,100000
CA09206004,2003/6/30,結案,內湖,石潭,二,314,950,未經申請開挖整地,,,80000
CA09207010,2003/7/2,續予處分,士林,天玉,一,;545;,3000,未依規定期限改正,,,300000
CA09207004,2003/7/4,結案,北投,溫泉,一,38,110,未依規定期限改正,,,100000
CA09207013,2003/7/4,結案,內湖,石潭,二,32,950,未經申請開挖整地,,,80000
CA09207009,2003/7/18,結案,北投,湖山,三,757,200,未依核定計畫施工,,,60000
CA09207002,2003/7/23,結案,南港,麗山,四,395,80,未依核定計畫施工,,,60000
CA09207011,2003/7/29,結案,士林,翠山,二,56,159,未經申請開挖整地,,,60000
CA09207006,2003/7/30,結案,文山,老泉,二,317,40,未經申請開挖整地,,,60000
CA09207012,2003/7/31,結案,信義,祥和,四,32,40,未經申請開挖整地,,,60000
CA09208009,2003/8/14,結案,士林,菁山,二,77,300,未經申請開挖整地,是,2005/8/14,60000
CA09208003,2003/8/14,結案,北投,湖山,三,329,50,未經申請開挖整地,是,2005/8/14,60000
CA09208008,2003/8/14,續予處分,北投,行義,一,107,230,未經申請開挖整地,,,60000
CA09208001,2003/8/27,續予處分,文山,老泉,二,63,400,未依規定期限改正,,,150000
CA09208004,2003/8/28,續予處分,北投,桃源,三,195-5,60,未經申請開挖整地,,,60000
CA09208006,2003/8/29,續予處分,內湖,大湖,一,111,30,未依規定期限改正,,,80000
CA09209003,2003/9/1,續予處分,士林,至善,四,;731;,100,未依核定計畫施工,,,60000
CA09209004,2003/9/2,續予處分,士林,天玉,一,;621;,100,未依規定期限改正,,,300000
CA09209005,2003/9/4,續予處分,士林,天玉,一,545,2500,未依規定期限改正,,,300000
CA09209002,2003/9/4,結案,內湖,碧山,一,127,7,未經申請開挖整地,,,60000
CA09209007,2003/9/4,結案,內湖,康寧,一,71,10,未依核定計畫施工,,,60000
CA09209006,2003/9/4,續予處分,士林,天玉,一,;639;,50,未依規定期限改正,,,300000
CA09209008,2003/9/10,結案,信義,福德,四,190,50,堆積土石,,,60000
CA09209009,2003/9/17,結案,內湖,康寧,二,91,1300,未經申請開挖整地,,,100000
CA09209012,2003/9/24,續予處分,北投,行義,一,;48;,800,未經申請開挖整地,,,80000
CA09209010,2003/9/26,撤銷,內湖,文德,三,433-10,100,未經申請開挖整地,,,60000
CA09209001,2003/9/29,結案,文山,草湳,三,203,800,未依規定期限改正,,,100000
CA09209011,2003/9/30,撤銷,士林,天玉,一,626,100,未依規定期限改正,,,300000
CA09210002,2003/10/2,結案,內湖,康寧,一,322,10,未依核定計畫施工,,,60000
CA09210003,2003/10/7,結案,北投,桃源,三,195-5,60,未依規定期限改正,,,80000
CA09210013,2003/10/9,結案,南港,舊莊,二,273,250,未經申請開挖整地,是,2005/10/9,60000
CA09210004,2003/10/14,續予處分,內湖,碧湖,一,52,450,未經申請開挖整地,,,60000
CA09210001,2003/10/16,結案,南港,中南,一,535-2,6000,堆積土石,,,300000
CA09210005,2003/10/16,續予處分,北投,行義,一,;38;,300,未經申請開挖整地,,,100000
CA09210007,2003/10/20,續予處分,內湖,大湖,一,111,30,未依規定期限改正,,,100000
CA09210006,2003/10/21,結案,士林,翠山,一,174-8,300,堆積土石,是,2005/10/21,60000
CA09210008,2003/10/21,結案,士林,天玉,一,170,20,未依核定計畫施工,,,60000
CA09210009,2003/10/21,續予處分,內湖,文德,三,433-10,100,未經申請開挖整地,,,60000
CA09210010,2003/10/27,撤銷,北投,行義,一,;49;,100,未經申請開挖整地,,,300000
CA09210011,2003/10/29,結案,北投,行義,一,107,230,未依規定期限改正,,,80000
CA09210012,2003/10/31,續予處分,北投,行義,一,70,400,未依規定期限改正,,,80000
CA09211001,2003/11/10,續予處分,士林,天玉,一,626,300,未依規定期限改正,,,300000
CA09211002,2003/11/20,結案,大安,辛亥,四,744,300,未經申請開挖整地,,,60000
CA09211003,2003/11/20,結案,士林,至善,四,;731;,200,未依規定期限改正,,,80000
CA09211004,2003/11/21,結案,北投,湖田,一,199,60,未經申請開挖整地,,,60000
CA09212001,2003/12/3,結案,北投,行義,一,580,500,未經申請開挖整地,,,60000
CA09212002,2003/12/10,結案,北投,泉源,三,;164-2;,200,未依規定期限改正,,,80000
CA09212003,2003/12/15,結案,北投,桃源,三,96,360,未依核定計畫施工,,,60000
CA09212007,2003/12/16,結案,士林,天玉,一,889,75,未依核定計畫施工,,,60000
CA09301011,2003/12/16,續予處分,文山,老泉,二,63,400,未依規定期限改正,,,200000
CA09212004,2003/12/17,續予處分,北投,行義,一,49,100,未依規定期限改正,,,100000
CA09212006,2003/12/18,撤銷,士林,華岡,三,;316;,50,未依核定計畫施工,,,60000
CA09301010,2003/12/18,結案,士林,力行,二,164-2,240,未依核定計畫施工,,,60000
CA09212005,2003/12/18,續予處分,士林,天玉,一,593,300,未依規定期限改正,,,300000
CA09301009,2003/12/30,結案,士林,力行,一,56,40,未經申請開挖整地,,,60000
CA09301001,2004/1/5,續予處分,內湖,文德,三,433-10,100,未依規定期限改正,,,80000
CA09301002,2004/1/5,結案,南港,大豐,三,709,450,未經申請開挖整地,,,60000
CA09301005,2004/1/12,續予處分,士林,天玉,一,625,60,未依規定期限改正,,,300000
CA09301003,2004/1/13,結案,南港,中南,一,535-1,500,未經申請開挖整地,,,60000
CA09301008,2004/1/13,結案,內湖,文德,三,352-4,1205,未依核定計畫施工,是,2006/1/20,100000
CA09301004,2004/1/27,結案,內湖,大湖,一,111,30,未依規定期限改正,,,150000
CA09301006,2004/1/27,續予處分,文山,政大,三,137,200,未經申請開挖整地,是,2006/1/27,60000
CA09301007,2004/1/29,結案,內湖,文德,三,363-1,2300,未依規定期限改正,,,200000
CA09302001,2004/2/5,結案,北投,桃源,三,38,250,未經申請開挖整地,,,60000
CA09302002,2004/2/12,續予處分,士林,菁山,一,39,9000,未經申請開挖整地,,,300000
CA09302003,2004/2/12,續予處分,士林,天玉,一,;593;,135,未依規定期限改正,,,300000
CA09302004,2004/2/20,續予處分,士林,天玉,一,;592;,1950,未依規定期限改正,,,300000
CA09302005,2004/2/23,續予處分,士林,天玉,一,;610;,90,未依規定期限改正,,,300000
CA09302006,2004/2/24,續予處分,士林,天玉,一,;612;,45,未依規定期限改正,,,300000
CA09303001,2004/3/11,續予處分,士林,天玉,一,;635;,1000,未依規定期限改正,,,300000
CA09303002,2004/3/12,結案,文山,老泉,二,65,400,未依規定期限改正,,,300000
CA09303003,2004/3/12,結案,內湖,碧山,二,380,600,未依技術規範實施,是,2006/3/12,80000
CA09303004,2004/3/16,續予處分,士林,天玉,一,;635;,1000,未依規定期限改正,,,300000
CA09303005,2004/3/19,續予處分,文山,政大,三,131,200,未依規定期限改正,,,80000
CA09303007,2004/3/23,續予處分,北投,行義,一,67,400,未依規定期限改正,,,100000
CA09303008,2004/3/23,續予處分,士林,天玉,一,;621;,500,未依規定期限改正,,,300000
CA09303006,2004/3/25,續予處分,士林,至善,四,202,1100,未依規定期限改正,,,300000
CA09304001,2004/4/6,結案,北投,行義,一,333,500,未經申請開挖整地,,,60000
CA09304002,2004/4/7,結案,士林,翠山,一,172-2,10,未經申請開挖整地,,,60000
CA09304004,2004/4/9,結案,北投,泉源,一,336-3,20,未依核定計畫施工,,,60000
CA09304003,2004/4/16,結案,北投,湖山,三,637,200,未經申請開挖整地,是,2006/4/16,60000
CA09304005,2004/4/19,續予處分,士林,天玉,一,;635;,900,未依規定期限改正,,,300000
CA09304006,2004/4/20,續予處分,士林,天玉,一,;635;,200,未依規定期限改正,,,300000
CA09304007,2004/4/20,結案,內湖,碧山,一,417,30,未經申請開挖整地,,,60000
CA09304008,2004/4/27,續予處分,北投,湖山,三,897,50,未經申請開挖整地,,,60000
CA09305002,2004/5/4,續予處分,士林,天玉,一,;610;,300,未依規定期限改正,,,300000
CA09305001,2004/5/5,續予處分,士林,力行,三,37,200,未經申請開挖整地,是,2006/5/5,60000
CA09305003,2004/5/10,結案,信義,永春,三,127,250,未依核定計畫施工,,,60000
CA09305004,2004/5/10,續予處分,北投,泉源,三,;506;,4300,未經申請開挖整地,,,300000
CA09305005,2004/5/11,續予處分,士林,天玉,一,;635;,700,未依規定期限改正,,,300000
CA09305006,2004/5/11,結案,內湖,石潭,二,300,300,未經申請開挖整地,,,60000
CA09305007,2004/5/13,結案,北投,行義,一,53,200,未經申請開挖整地,,,60000
CA09305008,2004/5/13,續予處分,士林,天玉,一,628,200,未依規定期限改正,,,300000
CA09305009,2004/5/14,結案,內湖,大湖,四,523,40,未經申請開挖整地,,,60000
CA09305010,2004/5/18,結案,北投,湖山,二,460,500,未經申請開挖整地,,,60000
CA09305011,2004/5/20,結案,南港,大豐,一,284,150,未經申請開挖整地,,,60000
CA09305012,2004/5/21,續予處分,士林,天玉,一,594,200,未依規定期限改正,,,300000
CA09305013,2004/5/24,結案,士林,天玉,一,;105;,250,未經申請開挖整地,是,2006/5/24,60000
CA09306004,2004/6/11,結案,文山,興隆,一,;195;,50,未經申請開挖整地,,,60000
CA09306001,2004/6/21,續予處分,士林,平等,一,33635,9000,未依規定期限改正,,,300000
CA09306002,2004/6/25,結案,文山,政大,三,136-6,200,未依規定期限改正,是,2006/6/25,100000
CA09306003,2004/6/28,續予處分,士林,天玉,一,25,700,未經申請開挖整地,是,2006/7/1,80000
CA09307002,2004/7/6,結案,士林,溪山,三,393,200,未經申請開挖整地,,,60000
CA09307001,2004/7/6,結案,信義,福德,四,;221;,36,未經申請開挖整地,是,2006/8/20,60000
CA09307004,2004/7/7,結案,文山,頭廷,四,104,20,未經申請開挖整地,,,60000
CA09307003,2004/7/7,結案,士林,天玉,一,954-5,250,未經申請開挖整地,,,60000
CA09307005,2004/7/9,續予處分,士林,天玉,一,25,700,未依規定期限改正,,,100000
CA09307006,2004/7/14,結案,信義,永春,三,;;144;;,900,未經申請開挖整地,,,80000
CA09307011,2004/7/21,續予處分,士林,天玉,三,;299;,800,未經申請開挖整地,,,80000
CA09307012,2004/7/22,續予處分,士林,天玉,一,;556;,200,未依規定期限改正,,,300000
CA09307014,2004/7/22,續予處分,士林,天玉,一,25,700,未依規定期限改正,,,300000
CA09307017,2004/7/26,結案,內湖,康寧,一,176,7,未依核定計畫施工,,,60000
CA09307016,2004/7/27,結案,士林,溪山,二,;261;,80,未經申請開挖整地,,,60000
CA09308003,2004/8/5,結案,文山,政大,一,6,209,未依核定計畫施工,,,80000
CA09308001,2004/8/6,續予處分,士林,天玉,一,556,50,未依規定期限改正,,,300000
CA09308002,2004/8/9,續予處分,士林,至善,四,208,1100,未依規定期限改正,,,300000
CA09308004,2004/8/10,結案,士林,天玉,一,25,700,未依規定期限改正,,,300000
CA09308005,2004/8/13,結案,士林,溪山,一,591,400,堆積土石,,,60000
CA09309001,2004/8/26,續予處分,士林,天玉,一,;613;,200,未依規定期限改正,,,300000
CA09309002,2004/8/31,結案,文山,指南,四,;15;,120,未經申請開挖整地,,,60000
CA09309003,2004/9/1,結案,北投,泉源,三,;506;,4300,未依規定期限改正,,,300000
CA09309004,2004/9/1,續予處分,士林,至善,七,;191;,200,未經申請開挖整地,是,2006/9/1,60000
CA09309005,2004/9/6,續予處分,士林,天玉,一,;621;,50,未依規定期限改正,,,300000
CA09309006,2004/9/10,續予處分,士林,天玉,一,;621;,300,未依規定期限改正,,,300000
CA09309009,2004/9/14,結案,北投,崇仰,二,;296;,992,未經申請開挖整地,,,80000
CA09309007,2004/9/15,結案,士林,溪山,一,63,24,未經申請開挖整地,是,2006/9/17,60000
CA09309010,2004/9/16,結案,北投,行義,二,;566;,340,未依核定計畫施工,,,60000
CA09309008,2004/9/22,結案,北投,湖山,二,;402;,40,未經申請開挖整地,,,60000
CA09310001,2004/10/5,結案,士林,平等,一,33695,9000,未依規定期限改正,,,300000
CA09310003,2004/10/6,續予處分,士林,天玉,一,;593;,400,未依規定期限改正,,,300000
CA09310002,2004/10/7,結案,士林,至善,七,;;191;192;;,200,未依規定期限改正,,,80000
CA09310004,2004/10/7,結案,北投,泉源,二,;180;,200,未經申請開挖整地,是,2006/10/11,60000
CA09310005,2004/10/7,結案,北投,行義,二,;577;,200,未經申請開挖整地,,,60000
CA09310006,2004/10/8,撤銷,北投,行義,四,;258;,100,未經申請開挖整地,,,60000
CA09310007,2004/10/28,結案,士林,溪山,一,;557;,750,未經申請開挖整地,是,2006/10/28,80000
CA09310008,2004/10/28,結案,士林,溪山,三,263,450,未經申請開挖整地,是,2006/10/28,60000
CA09311001,2004/11/2,續予處分,士林,天玉,三,;299;,800,未依規定期限改正,是,2006/11/2,100000
CA09311002,2004/11/2,續予處分,士林,天玉,一,;593;,300,未依規定期限改正,,,300000
CA09311003,2004/11/2,撤銷,信義,福德,四,;221;,35,未經申請開挖整地,,,60000
CA09311004,2004/11/9,續予處分,士林,天玉,一,;593;,800,未依規定期限改正,,,300000
CA09311006,2004/11/24,續予處分,士林,天玉,一,;635;,900,未依規定期限改正,,,300000
CA09311008,2004/11/25,結案,士林,新安,五,603,1300,未經申請開挖整地,是,2006/11/25,100000
CA09311005,2004/11/29,結案,北投,行義,一,;38;,1200,未依規定期限改正,,,150000
CA09311007,2004/11/29,結案,士林,至善,五,202,1100,未依規定期限改正,,,300000
CA09312003,2004/12/2,續予處分,士林,天玉,一,;635;,1000,未依規定期限改正,,,300000
CA09312002,2004/12/7,結案,北投,行義,一,67,400,未依規定期限改正,,,150000
CA09312001,2004/12/13,結案,信義,福德,四,;231;,35,未經申請開挖整地,,,60000
CA09312008,2004/12/23,結案,南港,麗山,一,;117;,0,未依核定計畫施工,,,60000
CA09312004,2004/12/24,續予處分,士林,天玉,一,;639;,10,未依規定期限改正,,,300000
CA09312006,2004/12/24,續予處分,文山,老泉,四,;569;,15000,未經申請開挖整地,,,300000
CA09312005,2004/12/27,結案,士林,溪山,三,;40;,100,未經申請開挖整地,,,60000
CA09312007,2004/12/31,結案,信義,吳興,二,;648-1;,80,未經申請開挖整地,是,2007/1/4,60000
CA09401001,2005/1/3,結案,士林,新安,三,79,1750,未經申請開挖整地,是,2007/1/3,100000
CA09401002,2005/1/11,結案,士林,溪山,一,;5-3;,8,未經申請開挖整地,是,2007/1/11,60000
CA09401003,2005/1/13,結案,內湖,文德,三,;352-1;,120,未依核定計畫施工,,,60000
CA09401004,2005/1/17,結案,士林,溪山,三,;;721;;,10,未經申請開挖整地,,,60000
CA09401005,2005/1/28,結案,士林,平等,一,345-1,400,未經申請開挖整地,是,2007/1/28,60000
CA09401006,2005/1/31,結案,中山,北安,一,;72;,1980,未經申請開挖整地,,,100000
CA09402001,2005/2/3,結案,北投,湖山,三,;677-2;,200,未經申請開挖整地,,,60000
CA09402002,2005/2/4,結案,文山,老泉,三,;361;,50,未經申請開挖整地,,,60000
CA09402003,2005/2/4,結案,內湖,碧湖,一,52,450,未依規定期限改正,是,2007/2/4,80000
CA09402004,2005/2/5,結案,文山,興隆,一,;190;,120,未經申請開挖整地,,,60000
CA09402005,2005/2/21,續予處分,士林,天玉,一,539,300,未經申請開挖整地,,,300000
CA09402006,2005/2/24,結案,士林,天玉,一,954-5,250,未經申請開挖整地,,,60000
CA09402009,2005/2/25,結案,北投,湖山,三,897,50,未依規定期限改正,,,80000
CA09403001,2005/3/4,結案,士林,至善,四,;194;,200,未經申請開挖整地,,,60000
CA09403002,2005/3/11,結案,士林,力行,三,37,200,未依規定期限改正,,,80000
CA09403003,2005/3/15,撤銷,文山,老泉,四,;569;,15000,未依規定期限改正,,,300000
CA09403005,2005/3/22,結案,北投,大屯,三,;27;,77,未依核定計畫施工,,,60000
CA09403004,2005/3/23,結案,北投,行義,四,;167;,5700,未依核定計畫施工,,,300000
CA09403006,2005/3/24,結案,內湖,碧湖,一,;88;,75,未依核定計畫施工,,,60000
CA09403008,2005/3/30,續予處分,士林,天玉,一,;556;,250,未經申請開挖整地,,,300000
CA09404001,2005/4/4,結案,內湖,西湖,一,;52-36;,40,未經申請開挖整地,,,60000
CA09404002,2005/4/12,結案,士林,芝蘭,三,;368;,950,未經申請開挖整地,,,80000
CA09404003,2005/4/19,續予處分,士林,天玉,一,;553;,350,未經申請開挖整地,,,300000
CA09404004,2005/4/20,結案,士林,菁山,二,240,700,未經申請開挖整地,,,80000
CA09404005,2005/4/22,續予處分,士林,天玉,一,;553;,350,未經申請開挖整地,,,300000
CA09404006,2005/4/26,結案,士林,雙溪,一,;4;,400,未經申請開挖整地,,,60000
CA09404007,2005/4/27,結案,文山,指南,二,;20;,180,未經申請開挖整地,,,60000
CA09404008,2005/4/28,續予處分,士林,天玉,一,;553;,200,未經申請開挖整地,,,300000
CA09405001,2005/5/2,續予處分,士林,天玉,一,;940;,400,未依核定計畫施工,,,60000
CA09405002,2005/5/9,續予處分,士林,天玉,一,;539;,350,未經申請開挖整地,,,300000
CA09405003,2005/5/9,結案,士林,天玉,一,954,250,未依規定期限改正,,,80000
CA09405004,2005/5/11,續予處分,士林,天玉,一,533,450,未經申請開挖整地,,,300000
CA09405005,2005/5/13,結案,文山,老泉,二,;246;,28,未經申請開挖整地,,,60000
CA09405006,2005/5/17,續予處分,內湖,碧山,一,;499;,2000,未經申請開挖整地,是,2007/5/17,100000
CA09405007,2005/5/19,結案,士林,天玉,一,954,200,未經申請開挖整地,,,60000
CA09406002,2005/6/2,結案,北投,湖山,一,;709;,100,未經申請開挖整地,,,60000
CA09406003,2005/6/10,續予處分,士林,天玉,一,;564;,200,未經申請開挖整地,,,300000
CA09406004,2005/6/17,續予處分,士林,天玉,一,;564;,200,未經申請開挖整地,,,300000
CA09406001,2005/6/21,結案,北投,湖田,二,;23-4;,165,未依核定計畫施工,,,60000
CA09406005,2005/6/23,續予處分,士林,天玉,一,;556;,200,未經申請開挖整地,,,300000
CA09406006,2005/6/27,結案,士林,芝蘭,二,;228;,3954,未依核定計畫施工,,,200000
CA09406007,2005/6/28,結案,內湖,大湖,四,;62;,2000,未經申請開挖整地,是,2007/6/28,100000
CA09406008,2005/6/28,結案,北投,崇仰,二,;61;,180,未經申請開挖整地,是,2007/6/28,60000
CA09406009,2005/6/28,結案,北投,崇仰,二,;362;,190,未經申請開挖整地,是,2007/6/28,60000
CA09407001,2005/7/1,續予處分,士林,天玉,一,;564;,300,未經申請開挖整地,,,300000
CA09407002,2005/7/5,續予處分,士林,溪山,三,263,50,未經申請開挖整地,,,60000
CA09407004,2005/7/15,無改正事項,北投,崇仰,二,109,256,未經申請開挖整地,,,60000
CA09407003,2005/7/19,結案,文山,老泉,四,;569;,15000,未依規定期限改正,,,300000
CA09407005,2005/7/19,續予處分,士林,天玉,一,;545;,1000,未經申請開挖整地,,,300000
CA09407006,2005/7/20,結案,內湖,康寧,二,329,1,未經申請開挖整地,是,2007/7/20,60000
CA09407007,2005/7/20,結案,士林,至善,五,;12;,0,未依核定計畫施工,,,60000
CA09408001,2005/8/8,結案,北投,大屯,三,362,87,未經申請開挖整地,是,2007/8/10,60000
CA09408002,2005/8/15,結案,士林,華岡,一,;401;,190,未經申請開挖整地,,,60000
CA09408004,2005/8/22,結案,內湖,碧山,二,;534;,800,未經申請開挖整地,是,2007/8/22,80000
CA09408005,2005/8/22,撤銷,士林,雙溪,一,;87;,200,未經申請開挖整地,,,60000
CA09408006,2005/8/24,結案,士林,芝蘭,二,;230;,83,未依核定計畫施工,,,60000
CA09408007,2005/8/31,續予處分,士林,天玉,一,;543;,600,未經申請開挖整地,,,300000
CA09409001,2005/9/19,結案,北投,湖田,二,;111;,60,未經申請開挖整地,,,60000
CA09409002,2005/9/19,續予處分,士林,芝蘭,四,;186;,60,未經申請開挖整地,,,60000
CA09409003,2005/9/20,結案,文山,博嘉,四,357,284,未依核定計畫施工,,,60000
CA09409004,2005/9/20,結案,信義,永春,一,;3;,496,未依核定計畫施工,,,60000
CA09409005,2005/9/20,結案,信義,祥和,四,;34;,534,未依核定計畫施工,,,80000
CA09410001,2005/10/18,結案,士林,翠山,二,;1010;,124,未經申請開挖整地,是,2007/10/18,60000
CA09410002,2005/10/21,續予處分,士林,溪山,三,263,50,未依規定期限改正,,,80000
CA09410003,2005/10/25,撤銷,文山,興安,三,;322;,2000,未經申請開挖整地,,,100000
CA09410004,2005/10/26,撤銷,大安,辛亥,五,;138;,500,未經申請開挖整地,,,60000
CA09411001,2005/11/1,結案,士林,翠山,一,174-4,973,未依核定計畫施工,是,2007/11/1,80000
CA09411002,2005/11/2,續予處分,士林,天玉,一,554,100,未經申請開挖整地,,,300000
CA09411003,2005/11/7,結案,士林,翠山,二,;121;,42,未經申請開挖整地,,,60000
CA09411004,2005/11/8,結案,北投,泉源,四,;586;,1800,堆積土石,是,2007/11/8,100000
CA09411005,2005/11/8,結案,文山,政大,二,;609;,210,未依核定計畫施工,,,60000
CA09411006,2005/11/9,結案,北投,泉源,三,;506-6;,200,堆積土石,,,60000
CA09411007,2005/11/11,結案,士林,天玉,三,;299;,400,未依規定期限改正,,,150000
CA09411008,2005/11/11,結案,士林,力行,三,164,160,未經申請開挖整地,是,2007/11/11,60000
CA09411009,2005/11/21,結案,文山,頭廷,四,;97;,150,未經申請開挖整地,,,60000
CA09411010,2005/11/25,結案,南港,舊莊,二,;170;,1269,未經申請開挖整地,,,100000
CA09412001,2005/12/1,結案,內湖,康寧,二,329,20,未經申請開挖整地,,,60000
CA09412002,2005/12/6,續予處分,士林,菁山,一,;199-1;,700,未經申請開挖整地,,,80000
CA09412003,2005/12/19,結案,信義,祥和,一,;17;,400,未經申請開挖整地,,,60000
CA09412004,2005/12/21,結案,北投,行義,四,;175;,16,未經申請開挖整地,是,2007/12/21,60000
CA09412005,2005/12/26,結案,士林,新安,三,79,1680,未經申請開挖整地,,,150000
CA09501001,2006/1/12,結案,士林,至善,二,;105;,117,未經申請開挖整地,是,2008/1/12,60000
CA09501002,2006/1/13,撤銷,南港,舊莊,二,;170;,1269,未依規定期限改正,,,150000
CA09501003,2006/1/16,結案,內湖,碧山,三,;146-2;,100,未經申請開挖整地,,,60000
CA09501004,2006/1/18,結案,信義,吳興,三,141,100,未經申請開挖整地,,,60000
CA09501005,2006/1/20,撤銷,中山,北安,一,;81;,220,未經申請開挖整地,,,60000
CA09501006,2006/1/23,結案,士林,芝蘭,二,230-1,549,未依核定計畫施工,,,80000
CA09502001,2006/2/7,結案,士林,溪山,三,15707,650,未經申請開挖整地,,,80000
CA09502002,2006/2/9,結案,內湖,康寧,一,322,10,未依核定計畫施工,,,60000
CA09502003,2006/2/14,結案,士林,天玉,一,;952;,1100,未經申請開挖整地,,,100000
CA09502004,2006/2/23,結案,內湖,康寧,二,;453;,560,未經申請開挖整地,是,2008/2/23,80000
CA09502005,2006/2/27,結案,士林,溪山,三,263,50,未依規定期限改正,,,100000
CA09503001,2006/3/9,結案,內湖,文德,三,433-10,100,未依規定期限改正,,,100000
CA09503002,2006/3/10,結案,士林,芝蘭,四,;186;,60,未依規定期限改正,,,80000
CA09503003,2006/3/16,續予處分,北投,崇仰,二,;313;,250,未經申請開挖整地,,,60000
CA09503004,2006/3/20,續予處分,內湖,碧山,一,;263;,750,未經申請開挖闢路,是,2008/3/20,80000
CA09503005,2006/3/22,撤銷,士林,雙溪,一,;87;,200,未經申請開挖整地,,,60000
CA09503006,2006/3/27,撤銷,文山,老泉,四,;569;,15000,未依規定期限改正,,,300000
CA09503007,2006/3/28,結案,文山,興安,三,;322;,993,未經申請開挖整地,,,80000
CA09503008,2006/3/28,撤銷,大安,辛亥,五,;138-1;,19000,未經申請開挖整地,,,300000
CA09503009,2006/3/31,結案,北投,泉源,四,;279;,100,未經申請開挖整地,,,60000
CA09503010,2006/3/31,續予處分,文山,政大,三,;135;,170,未經申請開挖整地,,,60000
CA09503011,2006/3/31,結案,中山,北安,四,;339;,5698,未經申請開挖整地,,,150000
CA09504001,2006/4/4,結案,士林,菁山,一,199-1,700,未依規定期限改正,,,100000
CA09504002,2006/4/7,結案,內湖,碧湖,四,;1012;,350,堆積土石,,,60000
CA09504003,2006/4/10,續予處分,中山,北安,四,;339-4;,40,堆積土石,,,60000
CA09504004,2006/4/11,結案,士林,天玉,一,;968;,500,未經申請開挖整地,,,150000
CA09504006,2006/4/11,結案,信義,永春,三,;180;,500,未依核定計畫施工,,,60000
CA09504005,2006/4/20,結案,士林,新安,三,351-1,320,未經申請開挖整地,,,60000
CA09504007,2006/4/21,結案,北投,大屯,四,;429;,450,未經申請開挖整地,,,60000
CA09504008,2006/4/28,結案,文山,萬芳,二,;530;,370,未經申請開挖整地,,,60000
CA09505001,2006/5/1,結案,士林,至善,五,;12;,0,未依核定計畫施工,,,60000
CA09505002,2006/5/3,結案,中山,北安,一,193-1,80,未經申請開挖整地,,,60000
CA09505003,2006/5/9,結案,文山,老泉,三,;379;,360,未經申請開挖整地,,,60000
CA09505004,2006/5/10,結案,文山,老泉,三,;361;,100,堆積土石,,,60000
CA09505005,2006/5/11,結案,文山,頭廷,二,;343;,414,未依核定計畫施工,,,60000
CA09505006,2006/5/22,結案,北投,大屯,一,;475;,200,未經申請開挖整地,,,60000
CA09505007,2006/5/22,續予處分,北投,泉源,一,;212;,1250,未經申請開挖整地,,,100000
CA09505008,2006/5/30,結案,士林,力行,三,104,1800,未經申請開挖整地,,,100000
CA09506001,2006/6/1,結案,士林,力行,三,;101;,20,未經申請開挖整地,,,60000
CA09506002,2006/6/2,續予處分,文山,頭廷,二,;307;,36,未經申請開挖整地,,,60000
CA09506003,2006/6/6,續予處分,南港,中南,三,;259;,100,堆積土石,,,60000
CA09506004,2006/6/16,撤銷,內湖,碧山,二,;546-1;,27,未經申請開挖整地,,,60000
CA09506005,2006/6/20,續予處分,內湖,大湖,四,;493;,70,未經申請開挖整地,,,60000
CA09506006,2006/6/22,結案,士林,菁山,二,;243;,120,未經申請開挖整地,,,60000
CA09507001,2006/7/4,結案,南港,大豐,三,;709;,113,未依核定計畫施工,,,60000
CA09507002,2006/7/7,結案,士林,菁山,一,;549;,0,未依核定計畫施工,,,60000
CA09507003,2006/7/11,結案,北投,崇仰,一,;20;,300,未經申請開挖整地,,,60000
CA09507004,2006/7/14,結案,北投,崇仰,二,;313;,250,未依規定期限改正,,,80000
CA09507005,2006/7/19,結案,文山,博嘉,三,;739;,10,未經申請開挖整地,,,60000
CA09507006,2006/7/25,結案,北投,新民,二,41,450,未經申請開挖整地,,,60000
CA09507007,2006/7/26,結案,士林,福林,二,;72;,330,未經申請開挖整地,,,60000
CA09507008,2006/7/27,結案,士林,新安,三,;98;,340,未經申請開挖整地,,,60000
CA09508001,2006/8/3,撤銷,內湖,碧山,二,;546;,27,未經申請開挖整地,,,60000
CA09508002,2006/8/17,結案,士林,溪山,一,;644-1;,56,未經申請開挖整地,,,60000
CA09508003,2006/8/17,結案,士林,溪山,一,;644-3;,24,未經申請開挖整地,,,60000
CA09508004,2006/8/18,結案,士林,溪山,一,;221;,275,未依核定計畫施工,,,60000
CA09508005,2006/8/24,結案,士林,力行,三,;610;,150,未經申請開挖整地,,,60000
CA09508006,2006/8/25,結案,北投,泉源,一,;212;,1250,未依規定期限改正,,,100000
CA09508007,2006/8/29,結案,文山,政大,三,;135;,170,未依規定期限改正,,,80000
CA09508008,2006/8/31,結案,士林,新安,五,;703;,200,未經申請開挖整地,,,60000
CA09509001,2006/9/5,結案,中山,北安,四,;339-4;,40,未依規定期限改正,,,80000
CA09509002,2006/9/7,結案,北投,湖田,二,;221-9;,450,未依核定計畫施工,,,60000
CA09509003,2006/9/7,結案,大安,辛亥,五,138-1,2563,未經申請開挖整地,,,150000
CA09509004,2006/9/7,結案,士林,翠山,二,;462;,50,堆積土石,,,60000
CA09509006,2006/9/15,結案,北投,泉源,二,;471;,80,未經申請開挖整地,,,60000
CA09509005,2006/9/15,結案,南港,中南,三,;259;,100,未依規定期限改正,,,80000
CA09509007,2006/9/19,結案,文山,頭廷,二,;307;,36,未依規定期限改正,,,80000
CA09509008,2006/9/19,結案,北投,行義,四,;30;,915,未經申請開挖整地,,,80000
CA09509010,2006/9/19,結案,北投,湖田,二,;621;,60,未經申請開挖整地,,,60000
CA09509009,2006/9/20,結案,士林,溪山,三,;40-6;,60,未經申請開挖整地,,,60000
CA09509011,2006/9/27,結案,北投,新民,二,41,400,未經申請開挖整地,,,80000
CA09510001,2006/10/3,結案,內湖,碧山,一,;499;,2000,未依規定期限改正,,,150000
CA09510002,2006/10/3,結案,內湖,碧山,一,;263;,750,未依規定期限改正,,,100000
CA09510003,2006/10/4,結案,北投,泉源,二,;423;,400,未經申請開挖整地,,,60000
CA09510004,2006/10/5,結案,文山,頭廷,四,;97;,100,未依核定計畫施工,,,60000
CA09510005,2006/10/12,結案,內湖,東湖,六,;10;,690,未依規定期限改正,,,80000
CA09510006,2006/10/13,續予處分,北投,桃源,二,;658;,300,未經申請開挖整地,,,60000
CA09510007,2006/10/13,結案,士林,溪山,一,;629;,120,未經申請開挖整地,,,60000
CA09510008,2006/10/13,結案,北投,泉源,二,;369-1;,100,堆積土石,,,60000
CA09510009,2006/10/13,結案,北投,大屯,四,;99;,100,未經申請開挖整地,,,60000
CA09510010,2006/10/14,撤銷,內湖,碧山,二,;546;,27,未依規定期限改正,,,80000
CA09510011,2006/10/16,結案,內湖,大湖,四,493,70,未依規定期限改正,,,80000
CA09510012,2006/10/24,結案,文山,老泉,三,;;219;;,360,未經申請開挖整地,,,60000
CA09510013,2006/10/30,結案,士林,華岡,二,;84;,130,未經申請開挖整地,,,60000
CA09510014,2006/10/30,結案,士林,新安,六,;41;,400,未經申請開挖整地,,,60000
CA09510015,2006/10/31,結案,北投,泉源,一,87,400,未經申請開挖整地,,,60000
CA09511001,2006/11/6,結案,內湖,碧湖,一,;279;,300,未依規定期限改正,,,60000
CA09511002,2006/11/8,結案,士林,新安,四,;51;,150,堆積土石,,,60000
CA09511003,2006/11/13,結案,信義,犁和,二,;120;,10,未經申請開挖整地,,,60000
CA09511004,2006/11/21,結案,北投,湖山,一,;437-2;,50,堆積土石,,,60000
CA09511005,2006/11/24,結案,士林,菁山,一,;532-1;,200,未經申請開挖整地,,,60000
CA09511006,2006/11/29,結案,士林,新安,三,;629;,50,堆積土石,,,60000
CA09512001,2006/12/7,結案,士林,菁山,一,532,2500,未經申請開挖整地,,,150000
CA09512002,2006/12/12,結案,士林,天玉,三,;299-1;,40,未經申請開挖整地,,,60000
CA09512003,2006/12/19,續予處分,士林,天玉,一,556,100,未依規定期限改正,,,300000
CA09512004,2006/12/19,結案,信義,福德,四,;184;,40,未經申請開挖整地,,,60000
CA09512005,2006/12/26,結案,內湖,碧湖,四,;1045;,440,未經申請開挖整地,,,60000
CA09512006,2006/12/29,結案,文山,政大,一,;7;,13,未經申請開挖整地,,,60000
CA09601001,2007/1/22,結案,北投,湖田,二,;498;,440,堆積土石,,,60000
CA09601002,2007/1/22,結案,北投,湖田,二,;496;,50,堆積土石,,,60000
CA09601003,2007/1/24,結案,士林,新安,二,;336;,450,未經申請開挖整地,,,60000
CA09601004,2007/1/25,結案,士林,菁山,二,;263;,90,未經申請開挖整地,,,60000
CA09601005,2007/1/25,結案,士林,翠山,一,;174-6;,90,未經申請開挖闢路,,,60000
CA09601006,2007/1/29,結案,士林,溪山,一,;221;,400,未依核定計畫施工,,,60000
CA09601007,2007/1/29,無改正事項,內湖,康寧,三,;356-2;,50,未依核定計畫施工,,,60000
CA09601008,2007/1/31,結案,文山,老泉,三,;219;,12,未經申請開挖整地,,,80000
CA09602001,2007/2/8,結案,文山,頭廷,四,;77;,135,未經申請開挖整地,,,60000
CA09602002,2007/2/8,結案,內湖,大湖,一,;94;,470,未依核定計畫施工,,,60000
CA09602003,2007/2/13,續予處分,士林,新安,二,;336;,450,未經申請開挖整地,,,60000
CA09603001,2007/3/8,結案,文山,頭廷,四,;97;,44,未依核定計畫施工,,,60000
CA09603002,2007/3/8,結案,文山,老泉,二,;37;,43,未經申請開挖闢路,,,60000
CA09603003,2007/3/16,撤銷,文山,指南,三,;959;,150,未經申請開挖整地,,,60000
CA09604001,2007/4/2,結案,文山,老泉,四,;524;,10,未經申請開挖整地,,,60000
CA09604002,2007/4/2,結案,士林,新安,一,414,13,未經申請開挖整地,,,60000
CA09604003,2007/4/10,結案,文山,指南,一,;173;,460,未經申請開挖闢路,,,60000
CA09604004,2007/4/30,結案,北投,湖山,二,;419;,888,未經申請開挖整地,,,80000
CA09604005,2007/4/30,結案,文山,指南,四,;640;,1400,未經申請開挖整地,,,100000
CA09605001,2007/5/8,結案,士林,菁山,一,;367-15;,48,未經申請開挖整地,,,60000
CA09605002,2007/5/14,結案,士林,溪山,三,;40-7;,10,堆積土石,,,60000
CA09605003,2007/5/14,結案,文山,華興,二,;550;,200,未經申請開挖整地,,,60000
CA09605004,2007/5/28,結案,士林,溪山,一,;402;,367,未依核定計畫施工,,,60000
CA09605005,2007/5/31,續予處分,士林,新安,二,;336;,450,未依規定期限改正,,,80000
CA09605006,2007/5/31,續予處分,文山,老泉,二,;132;,39,未經申請開挖整地,,,60000
CA09606001,2007/6/7,結案,士林,新安,三,;431;,100,堆積土石,,,60000
CA09606002,2007/6/13,結案,文山,老泉,一,;378;,800,未經申請開挖整地,,,80000
CA09606003,2007/6/15,結案,士林,翠山,一,;172-7;,80,未經申請開挖整地,,,60000
CA09607002,2007/7/3,續予處分,內湖,大湖,三,;231;,5392,未經申請開挖闢路,,,300000
CA09607001,2007/7/4,結案,南港,新光,一,;1;,0,未依核定計畫施工,,,60000
CA09607003,2007/7/9,撤銷,文山,指南,四,;31;,14,堆積土石,,,60000
CA09607004,2007/7/17,結案,文山,指南,四,;70-2;,200,未經申請開挖整地,,,60000
CA09607005,2007/7/17,無改正事項,內湖,文德,三,;438;,400,未經申請開挖整地,,,60000
CA09607006,2007/7/20,續予處分,士林,芝蘭,三,;126-5;,490,未經申請開挖闢路,,,60000
CA09607007,2007/7/30,撤銷,內湖,大湖,四,;24;,150,未經申請開挖整地,,,60000
CA09607008,2007/7/31,結案,文山,草湳,三,;639;,200,未經申請開挖闢路,,,60000
CA09608001,2007/8/1,續予處分,文山,指南,四,;640;,400,未經申請開挖闢路,,,60000
CA09609001,2007/9/4,結案,文山,頭廷,四,;104;,27,未依核定計畫施工,,,60000
CA09609002,2007/9/4,結案,南港,中南,一,;551;,136,未依核定計畫施工,,,60000
CA09609003,2007/9/12,結案,北投,行義,四,;223;,90,未經申請開挖整地,,,60000
CA09609004,2007/9/19,結案,內湖,大湖,三,;231;,5392,未依規定期限改正,,,300000
CA09609005,2007/9/29,結案,南港,新光,二,;100;,0,未依核定計畫施工,,,60000
CA09610001,2007/10/23,撤銷,士林,福林,二,;504-2;,12,未經申請開挖整地,,,60000
CA09610002,2007/10/31,結案,文山,指南,四,;640;,400,未依規定期限改正,,,80000
CA09611001,2007/11/12,結案,文山,草湳,二,;347;,70,未經申請開挖整地,,,60000
CA09611002,2007/11/20,結案,文山,政大,一,;112;,400,未依核定計畫施工,,,60000
CA09611003,2007/11/22,續予處分,士林,芝蘭,三,;126-5;,200,未經申請開挖整地,,,60000
CA09611004,2007/11/28,撤銷,,,,;;,656,未經申請開挖闢路,,,80000
CA09611005,2007/11/28,無改正事項,內湖,大湖,四,;24;,150,未經申請開挖整地,,,60000
CA09612002,2007/12/6,結案,文山,政大,一,;86;,450,未經申請開挖整地,,,60000
CA09612003,2007/12/28,結案,內湖,碧湖,二,462,90,未經申請開挖整地,,,60000
CA09701001,2008/1/7,結案,士林,力行,三,;261;,56,未依核定計畫施工,,,60000
CA09701002,2008/1/8,結案,信義,永春,三,;33;,734,堆積土石,,,80000
CA09701003,2008/1/9,結案,南港,中南,一,;550;,331,未依核定計畫施工,,,60000
CA09701004,2008/1/10,結案,士林,芝蘭,三,;126-5;,440,未依規定期限改正,是,2010/1/2,60000
CA09701005,2008/1/17,結案,內湖,碧山,三,;283;,350,未經申請開挖整地,,,60000
CA09701006,2008/1/18,結案,士林,天玉,二,;193-2;,202,未依核定計畫施工,,,60000
CA09701007,2008/1/21,結案,信義,犁和,二,;325-1;,350,未經申請開挖整地,,,80000
CA09701008,2008/1/21,結案,文山,政大,一,;146;,30,未依核定計畫施工,,,60000
CA09701009,2008/1/21,結案,文山,公訓,三,;134;,645,未依核定計畫施工,,,80000
CA09701010,2008/1/22,結案,士林,芝蘭,三,;43;,257,未經申請開挖整地,,,60000
CA09701011,2008/1/24,結案,士林,天玉,二,;72-3;,0,未依核定計畫施工,,,60000
CA09702001,2008/2/5,結案,文山,公訓,二,;125;,120,未經申請開挖整地,,,60000
CA09702002,2008/2/12,結案,文山,政大,三,;51;,100,未依核定計畫施工,,,60000
CA09702003,2008/2/13,結案,南港,大豐,一,;299-1;,442,未依規定期限改正,,,60000
CA09702004,2008/2/14,撤銷,文山,老泉,二,;242;,20,未經申請開挖闢路,,,60000
CA09703001,2008/3/11,結案,北投,桃源,二,;658;,300,未依規定期限改正,,,60000
CA09703005,2008/3/25,續予處分,北投,泉源,三,;514-8;,150,未依規定期限改正,,,80000
CA09703006,2008/3/27,結案,士林,芝山,一,;60;,23,未經申請開挖整地,,,60000
CA09704001,2008/4/7,結案,內湖,東湖,六,470,182,未經申請開挖整地,,,60000
CA09704002,2008/4/7,結案,文山,老泉,二,;132;,39,未依規定期限改正,,,60000
CA09704003,2008/4/8,結案,文山,博嘉,四,;721;,180,未經申請開挖整地,,,60000
CA09704004,2008/4/8,結案,士林,天玉,三,;299;,75,未依核定計畫施工,,,60000
CA09704005,2008/4/10,撤銷,南港,中南,一,;391;,12,未依核定計畫施工,,,60000
CA09704006,2008/4/15,結案,士林,天玉,一,;178;,736,未經申請開挖整地,,,80000
CA09704007,2008/4/16,結案,北投,湖田,二,597,25,未經申請開挖整地,,,60000
CA09704008,2008/4/28,結案,文山,興泰,二,;362;,550,未經申請開挖整地,,,80000
CA09705007,2008/5/1,結案,士林,平等,二,;339;,60,農業違規,,,0
CA09705001,2008/5/6,結案,內湖,康寧,一,;179;,96,未經申請開挖整地,,,60000
CA09705002,2008/5/6,結案,內湖,碧湖,四,;1045;,70,未經申請開挖整地,,,60000
CA09705003,2008/5/7,續予處分,士林,芝蘭,三,;126-4;,90,未依核定計畫施工,,,60000
CA09705004,2008/5/27,結案,文山,興泰,三,;492;,112,未經申請開挖整地,,,60000
CA09705005,2008/5/29,結案,內湖,碧湖,二,;501;,50,未依核定計畫施工,,,60000
CA09705006,2008/5/30,續予處分,士林,力行,三,;265;,56,未依規定期限改正,,,80000
CA09706001,2008/6/11,結案,文山,老泉,一,405,350,未經申請開挖整地,,,60000
CA09706002,2008/6/13,結案,士林,華岡,二,248-2,528,未經申請開挖整地,,,80000
CA09706003,2008/6/16,結案,士林,三玉,三,38,39,未經申請開挖整地,,,60000
CA09706010,2008/6/16,結案,北投,泉源,二,;360;,60,農業違規,,,0
CA09706004,2008/6/19,無改正事項,內湖,大湖,四,;107;,320,未經申請開挖整地,,,60000
CA09706006,2008/6/19,結案,文山,公訓,三,;39-2;,50,未經申請開挖整地,,,60000
CA09706005,2008/6/19,續予處分,士林,芝蘭,三,;126-4;,90,未依規定期限改正,,,80000
CA09706007,2008/6/23,結案,士林,芝蘭,三,;126-5;,440,未依規定期限改正,,,80000
CA09706008,2008/6/25,結案,士林,溪山,二,;227;,294,未經申請開挖整地,,,60000
CA09706009,2008/6/26,結案,士林,芝蘭,三,;126;,480,未經申請開挖整地,,,60000
CA09707001,2008/7/2,結案,文山,老泉,三,;114;,380,未經申請開挖整地,,,60000
CA09707002,2008/7/11,撤銷,南港,中南,一,;391;,12,未依核定計畫施工,,,60000
CA09707003,2008/7/18,無改正事項,北投,大屯,三,;538;,30,未經申請開挖整地,,,60000
CA09707009,2008/7/21,結案,士林,新安,六,;153;,8,未依核定計畫施工,,,60000
CA09707005,2008/7/23,結案,內湖,碧湖,四,;1089;,570,未經申請開挖整地,,,80000
CA09707006,2008/7/25,結案,文山,指南,四,;640;,200,未經申請開挖整地,,,60000
CA09707007,2008/7/31,結案,北投,泉源,三,;476;,200,未依核定計畫施工,,,60000
CA09707008,2008/7/31,結案,南港,新光,二,;544-11;,131,未依規定期限改正,,,60000
CA09708001,2008/8/7,結案,內湖,石潭,三,;152;,955,未經申請開挖整地,,,80000
CA09708002,2008/8/20,結案,內湖,大湖,四,;123;,6,未經申請開挖整地,,,60000
CA09708003,2008/8/20,結案,士林,芝蘭,三,;126-4;,90,未依規定期限改正,,,100000
CA09708004,2008/8/21,結案,中山,北安,四,;154;,6,未經申請開挖整地,,,60000
CA09708005,2008/8/28,結案,文山,老泉,一,;442;,240,未經申請開挖整地,,,60000
CA09708006,2008/8/29,結案,文山,頭廷,一,;494-1;,1260,堆積土石,,,100000
CA09709001,2008/9/1,結案,內湖,東湖,五,392-1,16,未經申請開挖整地,,,60000
CA09709002,2008/9/8,結案,北投,大屯,三,;27;,23,未依核定計畫施工,,,60000
CA09709003,2008/9/9,撤銷,內湖,碧山,二,;546;,27,未依規定期限改正,,,60000
CA09709004,2008/9/11,結案,信義,福德,四,;131-1;,91,堆積土石,,,60000
CA09709005,2008/9/18,結案,北投,泉源,四,;328;,449,未經申請開挖整地,,,60000
CA09709006,2008/9/25,結案,內湖,潭美,一,;75;,800,未經申請開挖整地,,,80000
CA09709007,2008/9/30,結案,文山,萬芳,二,;561;,120,未經申請開挖整地,,,60000
CA09709008,2008/9/30,結案,內湖,碧山,二,;730;,262,未經申請開挖整地,,,60000
CA09710001,2008/10/2,結案,內湖,石潭,三,;60-3;,150,未經申請開挖整地,,,60000
CA09710002,2008/10/3,結案,內湖,碧山,三,;353;,360,其他,,,60000
CA09710013,2008/10/6,結案,士林,新安,四,;248;,1600,農業違規,,,0
CA09710003,2008/10/9,結案,內湖,碧山,二,;736;,69,其他,,,60000
CA09710005,2008/10/13,撤銷,文山,頭廷,二,;311;,50,未依規定期限改正,,,60000
CA09710006,2008/10/16,結案,士林,平等,三,384-2,70,未經申請開挖整地,,,60000
CA09710007,2008/10/17,結案,內湖,東湖,五,;371;,40,未依核定計畫施工,,,60000
CA09710008,2008/10/20,結案,文山,老泉,二,;524;,20,未經申請開挖整地,,,60000
CA09710009,2008/10/20,撤銷,士林,新安,三,;694;,283,未經申請開挖整地,,,60000
CA09710010,2008/10/21,結案,文山,興安,二,;429-1;,53,未經申請開挖整地,,,60000
CA09710011,2008/10/27,結案,文山,興泰,三,;76;,200,未經申請開挖整地,,,60000
CA09710012,2008/10/29,結案,文山,政大,一,;105;,154,未依核定計畫施工,,,60000
CA09711001,2008/11/13,結案,信義,永春,三,;144;,30,未經申請開挖整地,,,60000
CA09711002,2008/11/20,無改正事項,南港,中南,一,;391;,12,未依核定計畫施工,,,60000
CA09711003,2008/11/25,續予處分,士林,平等,二,;341;,12,農業違規,,,0
CA09712001,2008/12/4,結案,士林,天玉,一,;255;,67,未依核定計畫施工,,,60000
CA09712002,2008/12/5,結案,士林,芝蘭,三,;126-4;,72,未依核定計畫施工,,,60000
CA09712003,2008/12/8,結案,士林,新安,三,;431;,102,未依核定計畫施工,,,60000
CA09712004,2008/12/9,結案,南港,大豐,一,;251-1;,187,未經申請開挖整地,,,60000
CA09712005,2008/12/12,續予處分,士林,天玉,一,;616;,500,未依規定期限改正,,,300000
CA09712006,2008/12/16,結案,文山,老泉,三,;219;,30,未經申請開挖闢路,,,60000
CA09712008,2008/12/30,結案,士林,平等,二,;96;,12,農業違規,,,0
CA09712007,2008/12/30,結案,內湖,碧湖,四,;1085-3;,90,未經申請開挖整地,,,60000
CA09801001,2009/1/6,結案,內湖,西湖,二,;406-1;,360,未經申請開挖整地,,,60000
CA09801002,2009/1/9,結案,北投,新民,四,;;135;;,15,未依核定計畫施工,,,60000
CA09801003,2009/1/16,結案,文山,頭廷,一,;332;,245,未經申請開挖整地,,,60000
CA09801004,2009/1/19,結案,文山,公訓,二,;211-4;,64,未依核定計畫施工,,,60000
CA09801005,2009/1/21,結案,內湖,大湖,四,;493;,400,未依核定計畫施工,,,60000
CA09801006,2009/1/21,結案,士林,平等,一,345-1,867,農業違規,,,0
CA09802001,2009/2/4,結案,文山,政大,一,;101;,81,未依核定計畫施工,,,60000
CA09802002,2009/2/9,續予處分,士林,天玉,一,;616;,500,未依規定期限改正,,,300000
CA09802011,2009/2/16,結案,士林,平等,一,;241;,646,農業違規,,,0
CA09802003,2009/2/20,結案,士林,新安,二,;231;,75,未依核定計畫施工,,,60000
CA09802004,2009/2/20,無改正事項,士林,華岡,五,21186,175,未經申請開挖整地,,,60000
CA09802005,2009/2/23,結案,北投,崇仰,二,;552;,1,未依核定計畫施工,,,60000
CA09802006,2009/2/25,結案,內湖,西湖,二,;353-4;,10,未經申請開挖整地,,,60000
CA09802007,2009/2/25,結案,文山,政大,一,;111;,28,未依核定計畫施工,,,60000
CA09802008,2009/2/26,結案,南港,中南,一,545-9,125,未經申請開挖整地,,,60000
CA09802009,2009/2/26,結案,內湖,東湖,三,;9;,38,未依核定計畫施工,,,60000
CA09803001,2009/3/2,結案,士林,翠山,一,;262;,430,未依核定計畫施工,,,60000
CA09803002,2009/3/4,結案,北投,桃源,四,;238;,187,未依核定計畫施工,,,60000
CA09803003,2009/3/10,結案,士林,福林,二,;;135;等181筆地號;;,300,未依核定計畫施工,,,60000
CA09803004,2009/3/16,結案,內湖,文德,三,;432;,8,未經申請開挖整地,,,60000
CA09803005,2009/3/18,結案,北投,湖山,三,;675;,245,農業違規,,,0
CA09803006,2009/3/19,結案,中山,北安,四,131-1,100,未經申請開挖整地,,,60000
CA09803007,2009/3/19,結案,內湖,碧湖,四,976,62,未經申請開挖整地,,,60000
CA09803009,2009/3/19,續予處分,內湖,西湖,一,;;52-52;;,13,未依核定計畫施工,,,60000
CA09803008,2009/3/20,結案,士林,新安,三,;695;,55,未依核定計畫施工,,,60000
CA09803010,2009/3/24,續予處分,士林,天玉,一,;564;,70,未依規定期限改正,,,300000
CA09803011,2009/3/25,結案,士林,新安,三,;694;,283,未依規定期限改正,,,60000
CA09803013,2009/3/26,結案,內湖,石潭,二,;30-1;,42,未經申請開挖整地,,,60000
CA09803014,2009/3/31,結案,士林,平等,二,;341;,12,未依規定期限改正,,,60000
CA09803015,2009/3/31,結案,士林,芝蘭,二,;350;,5,未依核定計畫施工,,,60000
CA09804001,2009/4/9,結案,大安,辛亥,四,;765;,355,未依核定計畫施工,,,60000
CA09804002,2009/4/15,結案,內湖,康寧,一,;177;,28,未經申請開挖整地,,,60000
CA09804004,2009/4/17,結案,文山,公訓,二,;125;,21,未經申請開挖整地,,,60000
CA09804003,2009/4/20,結案,南港,中南,一,528,209,未經申請開挖整地,,,60000
CA09804005,2009/4/23,結案,士林,溪山,一,;629;,150,未經申請開挖整地,,,60000
CA09804006,2009/4/23,結案,信義,永春,三,;127;,420,未依核定計畫施工,,,60000
CA09804007,2009/4/23,結案,南港,麗山,四,352,2000,堆積土石,,,100000
CA09804008,2009/4/29,結案,士林,溪山,二,;305;,90,未經申請開挖整地,,,60000
CA09805001,2009/5/8,結案,內湖,西湖,一,;52-52;,6,未依規定期限改正,,,80000
CA09805002,2009/5/14,結案,士林,翠山,一,;75-1;,88,未經申請開挖整地,,,60000
CA09805003,2009/5/19,結案,士林,菁山,一,;360;,26,未經申請開挖整地,,,60000
CA09805004,2009/5/20,結案,內湖,大湖,四,;493;,180,未經申請開挖整地,,,60000
CA09806001,2009/6/5,結案,文山,萬芳,二,;173;,20,未經申請開挖整地,,,60000
CA09806002,2009/6/9,結案,文山,政大,一,;139;,2,未依核定計畫施工,,,60000
CA09806003,2009/6/9,結案,士林,天玉,一,564,570,未依規定期限改正,,,300000
CA09806004,2009/6/9,續予處分,士林,芝蘭,二,;228;,624,未經申請開挖闢路,,,80000
CA09806005,2009/6/9,結案,士林,溪山,三,;40-6;,60,未經申請開挖整地,,,60000
CA09806006,2009/6/25,結案,北投,泉源,三,;514-8;,150,未依規定期限改正,,,100000
CA09807001,2009/7/3,結案,士林,華岡,一,;404;,60,未經申請開挖整地,,,60000
CA09807002,2009/7/7,結案,士林,新安,二,336,450,未依規定期限改正,,,100000
CA09807003,2009/7/8,結案,士林,天玉,三,;393;,65,未依核定計畫施工,,,60000
CA09807004,2009/7/8,結案,士林,天玉,一,;201;,36,未依核定計畫施工,,,60000
CA09807005,2009/7/10,結案,士林,華岡,四,;210;,300,未依核定計畫施工,,,60000
CA09807006,2009/7/14,結案,士林,菁山,二,;174;,70,未依核定計畫施工,,,60000
CA09807007,2009/7/14,無改正事項,內湖,石潭,一,;138;,534,未依核定計畫施工,,,80000
CA09807008,2009/7/23,結案,大安,辛亥,四,;757;,1800,未經申請開挖整地,,,100000
CA09807009,2009/7/27,結案,北投,桃源,二,149,200,堆積土石,,,60000
CA09807010,2009/7/28,續予處分,北投,泉源,二,;180;,200,未經申請開挖整地,,,60000
CA09807011,2009/7/30,結案,南港,中南,三,;318-2;,201,未依核定計畫施工,,,60000
CA09807012,2009/7/30,結案,內湖,西湖,一,52-25,54,未經申請開挖整地,,,60000
CA09807013,2009/7/31,結案,內湖,西湖,一,;52-13;,30,未經申請開挖整地,,,60000
CA09808001,2009/8/3,結案,士林,芝蘭,三,;405;,100,未依核定計畫施工,,,60000
CA09808002,2009/8/3,續予處分,士林,芝蘭,二,;228;,624,未依規定期限改正,,,100000
CA09808003,2009/8/4,結案,內湖,大湖,四,;25;,100,農業違規,,,0
CA09808004,2009/8/6,結案,士林,芝蘭,二,;236;,175,未依核定計畫施工,,,60000
CA09808005,2009/8/10,結案,文山,政大,一,;13;,23,未依核定計畫施工,,,60000
CA09808006,2009/8/11,結案,內湖,碧山,三,242,250,未經申請開挖整地,,,60000
CA09808007,2009/8/17,結案,北投,新民,四,;295;,10,未依核定計畫施工,,,60000
CA09808008,2009/8/17,結案,內湖,碧山,二,;54;,80,未經申請開挖整地,,,60000
CA09808009,2009/8/19,結案,內湖,碧湖,一,;6;,100,未經申請開挖整地,,,60000
CA09808010,2009/8/24,結案,士林,至善,二,;112;,49,未依核定計畫施工,,,60000
CA09808011,2009/8/24,結案,北投,湖山,二,;264;,18,未經申請開挖整地,,,60000
CA09808012,2009/8/28,結案,內湖,碧湖,四,1025,90,未經申請開挖整地,,,60000
CA09809001,2009/9/1,結案,南港,中南,一,;744;,1200,未經申請開挖整地,,,100000
CA09809002,2009/9/3,結案,內湖,碧山,三,210,1197,未依技術規範實施,,,100000
CA09809003,2009/9/3,結案,文山,政大,一,;107;,24,未依核定計畫施工,,,60000
CA09809004,2009/9/4,結案,內湖,文德,二,115-17,635,未經申請開挖整地,,,80000
CA09809005,2009/9/10,結案,內湖,碧湖,二,;503-1;,2,未依核定計畫施工,,,60000
CA09809010,2009/9/14,結案,士林,華岡,四,;604;,190,未依核定計畫施工,,,60000
CA09809006,2009/9/16,結案,士林,天玉,一,;22;,254,未經申請開挖整地,,,60000
CA09809008,2009/9/17,結案,信義,永春,三,;181-8;,13,未依核定計畫施工,,,60000
CA09809007,2009/9/17,結案,士林,至善,四,;;474-2;;,98,未經申請開挖整地,,,60000
CA09809009,2009/9/18,結案,士林,芝蘭,三,;365;,56,未依核定計畫施工,,,60000
CA09809011,2009/9/22,結案,文山,公訓,三,;39-2;,20,未依核定計畫施工,,,60000
CA09810001,2009/10/1,無改正事項,北投,湖山,一,;432-4;,40,未經申請開挖整地,,,60000
CA09810002,2009/10/2,結案,內湖,碧山,一,;451;,80,未經申請開挖整地,,,60000
CA09810003,2009/10/5,結案,文山,政大,一,;86;,30,未依核定計畫施工,,,60000
CA09810004,2009/10/5,結案,文山,政大,一,;138;,46,未依核定計畫施工,,,60000
CA09810005,2009/10/13,結案,內湖,康寧,一,92,150,未依核定計畫施工,,,60000
CA09810006,2009/10/13,結案,內湖,碧山,二,;760-3;,20,未經申請開挖整地,,,60000
CA09810007,2009/10/14,結案,士林,天玉,一,;921;,10,未依核定計畫施工,,,60000
CA09810008,2009/10/14,結案,士林,新安,三,;565;,30,未經申請開挖整地,,,60000
CA09810009,2009/10/15,結案,士林,華岡,四,;277;,225,未經申請開挖整地,,,60000
CA09810010,2009/10/20,結案,內湖,康寧,四,;142;,24,未經申請開挖整地,,,60000
CA09810011,2009/10/20,結案,士林,新安,三,;482;,11,未依核定計畫施工,,,60000
CA09810012,2009/10/26,結案,內湖,西湖,二,;;367-6;;,45,未經申請開挖整地,,,60000
CA09810013,2009/10/26,結案,內湖,康寧,一,;93;,14,未依核定計畫施工,,,60000
CA09810014,2009/10/29,結案,北投,泉源,二,;180;,200,未依規定期限改正,,,80000
CA09810015,2009/10/30,結案,內湖,東湖,五,;82;,12,未經申請開挖整地,,,60000
CA09811001,2009/11/3,結案,文山,萬芳,二,;173;,130,未經申請開挖整地,,,60000
CA09811002,2009/11/6,撤銷,士林,華岡,三,;570-1;,305,其他,,,60000
CA09811003,2009/11/10,結案,文山,博嘉,四,;368;,21,未經申請開挖整地,,,60000
CA09811004,2009/11/20,結案,內湖,西湖,一,52-25,12,未經申請開挖整地,,,60000
CA09812001,2009/12/1,結案,文山,華興,二,;;550;;,4,未依核定計畫施工,,,60000
CA09812002,2009/12/2,結案,士林,華岡,二,;76;,120,未經申請開挖整地,,,60000
CA09812004,2009/12/18,結案,內湖,碧湖,四,;1028-2;,400,未經申請開挖整地,,,60000
CA09812005,2009/12/18,續予處分,內湖,西湖,二,434-1,100,堆積土石,,,60000
CA09812006,2009/12/24,結案,士林,華岡,四,;210;,5,未依核定計畫施工,,,60000
CA09812007,2009/12/30,結案,內湖,大湖,四,;518;,120,農業違規,,,0
CA09901001,2010/1/6,結案,文山,老泉,三,219,144,未依核定計畫施工,,,60000
CA09902001,2010/2/2,結案,士林,至善,二,112,23,未依核定計畫施工,,,60000
CA09902002,2010/2/8,結案,文山,公訓,三,260,250,未經申請開挖整地,,,60000
CA09902003,2010/2/25,結案,內湖,西湖,二,434-1,100,未依規定期限改正,,,80000
CA09903001,2010/3/1,結案,北投,桃源,二,610,24,農業違規,,,0
CA09903002,2010/3/4,結案,士林,華岡,一,404,60,未依規定期限改正,,,80000
CA09903003,2010/3/10,結案,士林,芝蘭,二,228,624,未依規定期限改正,,,150000
CA09903004,2010/3/11,結案,士林,芝蘭,二,236,175,未依規定期限改正,,,80000
CA09903005,2010/3/12,結案,南港,大豐,三,545-1,920,未依核定計畫施工,,,80000
CA09903007,2010/3/15,結案,內湖,潭美,一,182-1,393,未依核定計畫施工,,,60000
CA09903006,2010/3/22,結案,士林,菁山,一,532-2,360,未經申請開挖闢路,,,60000
CA09903008,2010/3/24,結案,士林,華岡,二,82,360,農業違規,,,0
CA09903009,2010/3/29,結案,士林,新安,三,482,10,未依核定計畫施工,,,60000
CA09904001,2010/4/6,結案,士林,新安,五,705,50,農業違規,,,0
CA09904002,2010/4/9,續予處分,士林,天玉,一,198,62,未依核定計畫施工,,,60000
CA09904003,2010/4/15,結案,士林,平等,二,185,200,堆積土石,,,60000
CA09904004,2010/4/20,結案,士林,天玉,一,178,50,未依規定期限改正,,,60000
CA09904005,2010/4/21,結案,文山,指南,一,219-2,205,未依核定計畫施工,,,60000
CA09904006,2010/4/22,結案,北投,泉源,二,553,675,未經申請開挖整地,,,80000
CA09904007,2010/4/29,結案,士林,福林,二,504-1,12,未依核定計畫施工,,,60000
CA09905001,2010/5/5,結案,文山,萬芳,一,24473,351,未依核定計畫施工,,,60000
CA09905002,2010/5/20,結案,中正,福和,二,685-15,40,未依核定計畫施工,,,60000
CA09905003,2010/5/26,結案,信義,永春,三,103,160,未經申請開挖整地,,,60000
CA09905004,2010/5/27,結案,北投,行義,一,417,22,未依核定計畫施工,,,60000
CA09905005,2010/5/27,結案,北投,湖山,三,19,112,未依核定計畫施工,,,60000
CA09906001,2010/6/2,結案,內湖,文德,一,180,100,未依核定計畫施工,,,60000
CA09906002,2010/6/2,結案,內湖,東湖,六,461,25,未依核定計畫施工,,,60000
CA09906003,2010/6/4,結案,南港,大豐,三,545-1,560,未依核定計畫施工,,,80000
CA09906005,2010/6/8,結案,士林,天玉,一,198,62,未依規定期限改正,,,80000
CA09906006,2010/6/8,結案,士林,天玉,一,884,70,未依核定計畫施工,,,60000
CA09906007,2010/6/8,結案,士林,天玉,一,921,60,未依核定計畫施工,,,60000
CA09906004,2010/6/10,結案,南港,麗山,三,61,450,農業違規,,,0
CA09906008,2010/6/21,結案,信義,犁和,一,;448;,430,未依核定計畫施工,,,60000
CA09906009,2010/6/25,結案,信義,永春,三,;180;,255,未依核定計畫施工,,,60000
CA09906011,2010/6/29,結案,內湖,西湖,二,;367-6;,30,未依核定計畫施工,,,60000
CA09906010,2010/6/29,結案,內湖,碧湖,二,;519;,10,未經申請開挖整地,,,60000
CA09906012,2010/6/30,結案,內湖,碧湖,一,;118;,75,未依核定計畫施工,,,60000
CA09906013,2010/6/30,結案,內湖,西湖,一,;377-14;,202,未依核定計畫施工,,,60000
CA09907001,2010/7/9,結案,士林,溪山,三,;40-3;,196,未經申請開挖整地,,,60000
CA09907002,2010/7/9,結案,士林,力行,三,;265;,12,未依核定計畫施工,,,100000
CA09907003,2010/7/13,結案,士林,芝蘭,三,;405;,15,未依核定計畫施工,,,60000
CA09907004,2010/7/23,結案,中山,北安,四,;53;,3,未依核定計畫施工,,,60000
CA09907005,2010/7/26,結案,士林,芝蘭,三,;126-2;,93,未經申請開挖整地,,,60000
CA09907006,2010/7/29,結案,南港,中南,一,;744;,125,未依核定計畫施工,,,60000
CA09908001,2010/8/5,結案,內湖,康寧,一,;430-4;,945,未依核定計畫施工,,,80000
CA09908002,2010/8/10,結案,文山,萬芳,二,;530;,75,未依核定計畫施工,,,60000
CA09908003,2010/8/11,結案,士林,平等,二,73,108,未依核定計畫施工,,,60000
CA09908004,2010/8/18,結案,內湖,碧山,三,;283;,58,未經申請開挖整地,,,60000
CA09908005,2010/8/18,結案,中山,北安,一,;15-1;,400,未依核定計畫施工,,,60000
CA09908006,2010/8/25,結案,內湖,西湖,一,;377-14;,90,未依核定計畫施工,,,60000
CA09909001,2010/9/6,結案,內湖,東湖,六,;462-3;,5000,未依核定計畫施工,,,60000
CA09909003,2010/9/15,結案,中山,北安,一,;15-1;,400,未依規定期限改正,,,80000
CA09910001,2010/10/4,結案,信義,吳興,三,;21;,5,未依核定計畫施工,,,60000
CA09910002,2010/10/12,結案,內湖,碧湖,四,972,450,未經申請開挖整地,,,60000
CA09910003,2010/10/21,結案,南港,中南,一,;744;,99,未依核定計畫施工,,,60000
CA09911001,2010/11/5,結案,文山,興泰,一,;165;,9,未依核定計畫施工,,,60000
CA09911002,2010/11/9,結案,北投,桃源,二,;462;,83,未依核定計畫施工,,,60000
CA09911004,2010/11/10,結案,內湖,康寧,一,;430-4;,224,未依核定計畫施工,,,60000
CA09911005,2010/11/10,結案,文山,興安,二,;429-1;,14,未依核定計畫施工,,,60000
CA09911003,2010/11/10,結案,士林,至善,四,;390-1;,53,未依核定計畫施工,,,60000
CA09911006,2010/11/12,結案,士林,平等,二,73,180,未依核定計畫施工,,,60000
CA09911007,2010/11/15,續予處分,士林,翠山,二,227,0,未依核定計畫施工,,,60000
CA09911008,2010/11/22,結案,中山,北安,四,;44;,88,未依核定計畫施工,,,60000
CA09912001,2010/12/3,結案,內湖,西湖,二,;29;,113,未依核定計畫施工,,,60000
CA09912002,2010/12/6,結案,內湖,大湖,三,100,8,未經申請開挖整地,,,60000
CA09912003,2010/12/9,結案,士林,天玉,一,;921;,13,未依核定計畫施工,,,60000
CA09912004,2010/12/16,結案,士林,華岡,一,;41-1;,137,未經申請開挖整地,,,60000
CA09912005,2010/12/20,結案,士林,至善,四,;611;,83,未依核定計畫施工,,,60000
CA09912006,2010/12/30,結案,士林,溪山,三,14732,200,農業違規,,,0
CA10001001,2011/1/10,續予處分,士林,翠山,二,;227;,0,未依規定期限改正,,,80000
CA10001002,2011/1/10,結案,士林,平等,二,158,40,農業違規,,,0
CA10001003,2011/1/12,結案,士林,天玉,二,367,45,未經申請開挖整地,,,60000
CA10001005,2011/1/13,結案,士林,芝蘭,三,126-3,27,未經申請開挖整地,,,60000
CA10001006,2011/1/13,結案,北投,桃源,二,658-4,240,未經申請開挖整地,,,60000
CA10001004,2011/1/13,結案,士林,芝蘭,三,126-2,93,未依規定期限改正,,,80000
CA10001007,2011/1/14,結案,北投,湖田,一,330,83,未依核定計畫施工,,,60000
CA10001008,2011/1/19,結案,士林,菁山,一,409,314,未經申請開挖整地,,,60000
CA10001009,2011/1/27,結案,士林,天玉,一,229,40,未依核定計畫施工,,,60000
CA10001010,2011/1/27,結案,士林,芝蘭,二,222,375,未依核定計畫施工,,,60000
CA10001012,2011/1/28,結案,文山,指南,二,284,20,未經申請開挖整地,,,60000
AF10001011,2011/1/28,結案,文山,萬芳,二,695,28600,未依技術規範實施,,,0
CA10001013,2011/1/31,結案,士林,溪山,二,628,27,未依核定計畫施工,,,60000
CA10002001,2011/2/1,結案,內湖,康寧,一,293,18,未依核定計畫施工,,,60000
CA10002002,2011/2/1,結案,北投,崇仰,一,45839,160,未依核定計畫施工,,,60000
CA10002003,2011/2/17,結案,士林,芝蘭,三,56,12,未經申請開挖整地,,,60000
CA10002004,2011/2/23,結案,文山,草湳,二,376,1037,超限利用,,,0
CA10002005,2011/2/24,結案,士林,芝蘭,三,45,400,未經申請開挖整地,,,60000
CA10003001,2011/3/14,結案,士林,溪山,三,396,330,未經申請開挖整地,,,60000
CA10004001,2011/4/1,結案,士林,新安,三,511,200,未經申請開挖整地,,,60000
CA10004002,2011/4/6,結案,中山,北安,四,44,31,未依核定計畫施工,,,60000
CA10004003,2011/4/14,結案,南港,麗山,四,355-1,1200,堆積土石,,,100000
CA10004004,2011/4/18,結案,文山,公訓,二,125,60,未依核定計畫施工,,,60000
CA10004005,2011/4/21,結案,士林,芝蘭,二,415,480,未經申請開挖整地,,,60000
CA10004006,2011/4/26,結案,士林,翠山,二,16469,120,未經申請開挖整地,,,60000
CA10005001,2011/5/5,續予處分,士林,翠山,二,;227;,0,未依規定期限改正,,,100000
CA10005002,2011/5/18,結案,文山,頭廷,一,363,140,農業違規,,,0
CA10005003,2011/5/30,結案,北投,行義,一,420,27,未依核定計畫施工,,,60000
CA10006001,2011/6/9,結案,士林,新安,四,191,495,未經申請開挖闢路,,,60000
CA10006002,2011/6/10,結案,北投,桃源,四,137,64,未依核定計畫施工,,,60000
CA10006003,2011/6/13,結案,士林,新安,四,29221,130,未經申請開挖整地,,,60000
CA10006004,2011/6/14,結案,北投,行義,一,444,2,未依核定計畫施工,,,60000
CA10006005,2011/6/16,結案,北投,泉源,二,553,210,未依核定計畫施工,,,60000
CA10006007,2011/6/29,結案,士林,菁山,二,174,162,未經申請開挖整地,,,60000
CA10006006,2011/6/29,結案,士林,翠山,一,254,1300,農業違規,,,0
CA10006008,2011/6/30,結案,北投,崇仰,二,207,72,未經申請開挖整地,,,60000
CA10007001,2011/7/11,結案,士林,華岡,四,181-2,750,未依核定計畫施工,,,80000
CA10007002,2011/7/15,結案,北投,秀山,三,82,410,未經申請開挖整地,,,60000
CA10008001,2011/8/1,續予處分,士林,新安,二,314,389,未經申請開挖整地,,,60000
CA10008006,2011/8/2,結案,中山,北安,四,125-1,3,未依核定計畫施工,,,60000
CA10008002,2011/8/9,結案,文山,老泉,三,221,20,未依核定計畫施工,,,60000
CA10008003,2011/8/16,結案,士林,平等,二,327,407,未經申請開挖整地,,,60000
CA10008004,2011/8/17,結案,士林,新安,四,501,230,未經申請開挖整地,,,60000
CA10008005,2011/8/22,結案,士林,新安,四,81,469,未依核定計畫施工,,,60000
CA10008007,2011/8/24,結案,士林,天玉,一,425,24,未依核定計畫施工,,,60000
CA10009001,2011/9/14,結案,士林,華岡,四,181,35,未經申請開挖整地,,,60000
CA10009002,2011/9/19,續予處分,士林,菁山,一,501,530,未依核定計畫施工,,,80000
CA10010001,2011/10/7,結案,士林,芝蘭,三,129,730,農業違規,,,0
CA10010002,2011/10/21,結案,士林,菁山,一,501,530,未依規定期限改正,,,100000
CA10010003,2011/10/27,結案,大安,辛亥,四,585,24,未經申請開挖整地,,,60000
CA10011001,2011/11/3,結案,士林,菁山,二,342,155,未經申請開挖整地,,,60000
CA10011002,2011/11/16,無改正事項,北投,崇仰,二,252,80,未經申請開挖整地,,,60000
CA10011003,2011/11/23,續予處分,北投,湖山,三,757,220,未經申請開挖整地,,,60000
CA10011004,2011/11/25,結案,南港,舊莊,二,314,50,未經申請開挖整地,,,60000
CA10011005,2011/11/29,結案,南港,大豐,一,165,84,堆積土石,,,60000
CA10012001,2011/12/27,結案,北投,湖山,三,738-1,727,超限利用,,,0
AF10012001,2011/12/29,結案,文山,萬芳,二,224,40,未依技術規範實施,,,0
CA10012002,2011/12/29,結案,士林,新安,二,314,389,未依規定期限改正,,,80000
AF10111002,2012/1/8,結案,內湖,東湖,五,;403-1;,210,未依技術規範實施,,,0
CA10101001,2012/1/18,結案,士林,平等,一,;346;,150,農業違規,,,0
CA10101002,2012/1/20,結案,內湖,碧湖,二,488,100,未經申請開挖整地,,,60000
CA10101003,2012/1/20,結案,士林,平等,三,;378;,80,未經申請開挖整地,,,60000
CA10102001,2012/2/21,結案,士林,翠山,二,;227;,0,未依規定期限改正,,,150000
CA10103001,2012/3/27,結案,北投,大屯,二,246,10,未依核定計畫施工,,,60000
CA10104001,2012/4/24,結案,內湖,碧山,三,;282;,90,堆積土石,,,60000
CA10105001,2012/5/1,結案,大安,辛亥,五,198-4,427,未依核定計畫施工,,,60000
CA10105002,2012/5/2,結案,北投,泉源,四,360,121,未依核定計畫施工,,,60000
CA10105003,2012/5/3,結案,士林,新安,二,;404;,40,未經申請開挖整地,,,60000
CA10105004,2012/5/11,結案,內湖,康寧,三,474,2750,未依核定計畫施工,,,150000
CA10105005,2012/5/24,結案,信義,犁和,一,509,1125,未經申請開挖闢路,,,100000
AF10106001,2012/6/16,結案,內湖,康寧,一,71,0,未依技術規範實施,,,0
CA10106001,2012/6/21,結案,士林,菁山,二,;233;,180,未經申請開挖整地,,,60000
AF10106002,2012/6/22,結案,大安,辛亥,五,;198-2;,5000,未依技術規範實施,,,0
CA10107001,2012/7/2,結案,內湖,東湖,五,369,28,未經申請開挖整地,,,60000
CA10107002,2012/7/4,結案,內湖,碧湖,四,;1034-3;,18,未依核定計畫施工,,,60000
CA10107003,2012/7/5,結案,文山,頭廷,四,77,204,未依核定計畫施工,,,60000
CA10107004,2012/7/10,結案,士林,天玉,一,135,25,未依核定計畫施工,,,60000
CA10109001,2012/9/4,續予處分,北投,崇仰,三,;227;,313,未依核定計畫施工,,,60000
CA10109002,2012/9/27,結案,內湖,碧山,二,654,471,未經申請開挖整地,,,60000
CA10109003,2012/9/28,續予處分,士林,至善,一,;162;,120,未依核定計畫施工,,,60000
CA10110001,2012/10/8,結案,文山,指南,二,284,42,農業違規,,,0
CA10110002,2012/10/9,結案,北投,新民,二,45747,165,未依核定計畫施工,,,60000
CA10110003,2012/10/11,結案,士林,翠山,一,;275;,400,農業違規,,,0
AF10111001,2012/11/8,結案,北投,泉源,二,;567;,20,未依技術規範實施,,,0
CA10111001,2012/11/15,結案,北投,崇仰,三,227,944,未依規定期限改正,,,100000
CA10111002,2012/11/16,結案,士林,至善,四,;695;,240,未依核定計畫施工,,,60000
CA10112001,2012/12/3,結案,士林,芝蘭,三,43,90,未依核定計畫施工,,,60000
CA10112002,2012/12/7,結案,士林,至善,四,692,180,未經申請開挖闢路,,,60000
CA10112003,2012/12/7,結案,士林,菁山,二,30,375,農業違規,,,0
AF10112001,2012/12/14,結案,北投,泉源,四,338-5,20,未依技術規範實施,,,0
CA10112004,2012/12/20,結案,士林,溪山,三,;184;,45,未經申請開挖整地,,,60000
CA10202001,2013/2/1,結案,士林,至善,四,696,7,未依核定計畫施工,,,60000
CA10202002,2013/2/6,結案,南港,舊莊,三,113,360,未經申請開挖整地,,,60000
AF10202001,2013/2/7,結案,北投,湖山,二,269-3,29,未依技術規範實施,,,0
CA10202003,2013/2/19,結案,北投,大屯,三,105-1,1800,未經申請開挖闢路,,,100000
CA10202005,2013/2/22,結案,北投,崇仰,二,554,123,未依核定計畫施工,,,60000
CA10202004,2013/2/22,結案,北投,新民,四,33239,216,未依核定計畫施工,,,60000
CA10203001,2013/3/25,結案,內湖,碧湖,一,118,303,未經申請開挖整地,,,60000
CA10204001,2013/4/9,結案,北投,湖山,三,691-2,200,未經申請開挖闢路,,,60000
CA10204002,2013/4/18,結案,內湖,碧湖,四,981,3,未依核定計畫施工,,,60000
CA10205001,2013/5/9,結案,士林,芝蘭,三,22,50,未依核定計畫施工,,,60000
CA10205002,2013/5/9,結案,士林,新安,五,448,1496,未依核定計畫施工,,,100000
CA10205003,2013/5/23,結案,內湖,碧山,二,;388;,51,未經申請開挖闢路,,,60000
AF10205002,2013/5/27,結案,內湖,文德,三,432,0,未依技術規範實施,,,0
AF10205001,2013/5/27,結案,內湖,大湖,三,218-1,1000,未依技術規範實施,,,0
CA10206001,2013/6/25,結案,北投,崇仰,二,;446-2;,272,未依核定計畫施工,,,60000
CA10206002,2013/6/26,結案,士林,天玉,一,;28;,150,未經申請開挖整地,,,60000
CA10207001,2013/7/8,結案,士林,新安,五,579,46,未依核定計畫施工,,,60000
CA10208001,2013/8/5,結案,士林,華岡,二,;254;,495,堆積土石,,,60000
CA10208002,2013/8/6,結案,士林,至善,一,200,950,未依核定計畫施工,,,80000
CA10208003,2013/8/6,結案,信義,犁和,一,448,25,未依核定計畫施工,,,60000
CA10208004,2013/8/8,續予處分,士林,天玉,一,;1102;,330,未經申請開挖整地,,,60000
AF10208001,2013/8/19,續予處分,北投,泉源,三,;506-3;,560,未依技術規範實施,,,0
AF10208002,2013/8/26,結案,文山,政大,三,137-1,225,未依技術規範實施,,,0
CA10208005,2013/8/29,結案,北投,崇仰,二,544,20,未依核定計畫施工,,,60000
CA10209001,2013/9/30,結案,士林,至善,四,209,225,未依核定計畫施工,,,60000
CA10210001,2013/10/1,結案,士林,天玉,一,;1102;,330,未依規定期限改正,,,80000
CA10210002,2013/10/7,結案,士林,平等,二,;73;,290,未經申請開挖整地,,,60000
CA10210003,2013/10/7,結案,士林,天玉,二,;3;,296,未經申請開挖整地,,,60000
CA10210004,2013/10/18,結案,北投,崇仰,一,45750,59,未依核定計畫施工,,,60000
CA10210005,2013/10/18,結案,南港,舊莊,一,;136;,160,未經申請開挖整地,,,60000
CA10210006,2013/10/18,結案,士林,新安,四,343-2,620,未經申請開挖整地,,,80000
AF10211001,2013/11/1,續予處分,士林,芝蘭,三,;126;,625,未依技術規範實施,,,0
CA10211001,2013/11/21,續予處分,士林,至善,一,;420;,300,堆積土石,,,60000
CA10211002,2013/11/26,結案,北投,泉源,三,506-3,157,未依規定期限改正,,,60000
CA10212001,2013/12/3,結案,內湖,康寧,三,481-2,122,未依核定計畫施工,,,60000
AF10212001,2013/12/3,結案,北投,大屯,三,;419;,750,未依技術規範實施,,,0
CA10212002,2013/12/6,結案,內湖,大湖,三,;182;,22,未經申請開挖整地,,,60000
CA10212003,2013/12/10,撤銷,北投,泉源,三,;506;,364,未經申請開挖整地,,,300000
CA10212004,2013/12/12,結案,士林,新安,四,;103;,200,未經申請開挖整地,,,60000
CA10212005,2013/12/16,結案,文山,公訓,三,378-1,18,未依核定計畫施工,,,60000
CA10212006,2013/12/20,結案,文山,博嘉,四,;631;,15,未經申請開挖整地,,,60000
CA10212007,2013/12/20,結案,士林,平等,二,;354;,100,未經申請開挖整地,,,60000
AF10212002,2013/12/25,結案,北投,泉源,三,;514-8;,100,未依技術規範實施,,,0
CA10212008,2013/12/27,結案,文山,指南,三,;751-2;,474,未經申請開挖整地,,,60000
CA10301001,2014/1/6,續予處分,北投,泉源,三,506,1100,未經申請開挖闢路,,,300000
CA10301002,2014/1/17,結案,士林,溪山,三,511,60,未經申請開挖整地,,,60000
CA10301003,2014/1/21,結案,文山,興安,四,336,15,未經申請開挖整地,,,60000
CA10301004,2014/1/24,無改正事項,信義,吳興,三,;;195-2;;,16,未經申請開挖整地,,,60000
CA10301005,2014/1/24,結案,士林,平等,三,616,45,未經申請開挖闢路,,,60000
AF10302001,2014/2/6,結案,內湖,碧湖,二,;651;,5000,未依技術規範實施,,,0
CA10302001,2014/2/7,結案,南港,麗山,四,;431;,420,未經申請開挖整地,,,60000
CA10302002,2014/2/7,結案,北投,湖田,二,;597-10;,42,未經申請開挖闢路,,,60000
CA10302003,2014/2/7,結案,士林,芝蘭,三,;126-5;,267,未依規定期限改正,,,60000
CA10302004,2014/2/13,結案,士林,翠山,一,17,850,未經申請開挖闢路,,,80000
CA10302005,2014/2/18,結案,士林,溪山,二,430-2,125,未經申請開挖闢路,,,60000
CA10302006,2014/2/21,結案,士林,新安,二,;563;,10,未經申請開挖闢路,,,60000
AF10302002,2014/2/21,結案,士林,新安,二,;551;,60,未依技術規範實施,,,0
CA10303001,2014/3/10,撤銷,內湖,碧湖,二,;651;,5000,未依規定期限改正,,,60000
CA10303002,2014/3/10,結案,士林,至善,一,;420;,300,未依規定期限改正,,,0
CA10303003,2014/3/19,結案,士林,平等,二,45778,123,未依核定計畫施工,,,60000
CA10303004,2014/3/20,結案,文山,頭廷,四,245,250,未依核定計畫施工,,,60000
AF10303001,2014/3/20,結案,文山,興泰,二,114-1,80,未依技術規範實施,,,0
CA10303005,2014/3/26,結案,內湖,大湖,三,217,228,未依核定計畫施工,,,60000
CA10304001,2014/4/10,結案,士林,天玉,一,;188-1;,200,未經申請開挖整地,,,60000
CA10305001,2014/5/2,續予處分,北投,泉源,三,;506;,1100,未依規定期限改正,,,300000
AF10305001,2014/5/8,結案,北投,泉源,三,;514-6;,30,未依技術規範實施,,,0
CA10305002,2014/5/9,結案,士林,平等,二,;514;,84,未經申請開挖闢路,,,60000
CA10305003,2014/5/15,續予處分,士林,天玉,一,;;24;;,746,未經申請開挖整地,,,80000
CA10306001,2014/6/5,結案,南港,舊莊,三,256-1,400,未依核定計畫施工,,,60000
CA10306002,2014/6/6,結案,士林,新安,四,;81-1;,140,未經申請開挖整地,,,60000
CA10306003,2014/6/26,結案,士林,至善,一,;162;,80,未依規定期限改正,,,60000
CA10307001,2014/7/3,無改正事項,文山,頭廷,二,;;493;;,30,未經申請開挖整地,,,60000
AF10307001,2014/7/15,結案,士林,至善,一,200,110,未依技術規範實施,,,0
CA10307002,2014/7/21,結案,內湖,大湖,三,313,20,堆積土石,,,60000
CA10308001,2014/8/1,結案,士林,至善,七,;201;,355,未經申請開挖整地,,,60000
AF10308001,2014/8/1,結案,內湖,碧山,二,;712;,250,未依技術規範實施,,,0
AF10308002,2014/8/4,結案,信義,永春,三,;59;,50,未依技術規範實施,,,0
CA10308002,2014/8/12,結案,北投,崇仰,二,499,175,未依核定計畫施工,,,60000
CA10308003,2014/8/25,結案,北投,奇岩,一,175,100,未依核定計畫施工,,,60000
CA10309001,2014/9/5,續予處分,文山,指南,四,509,88,未經申請開挖闢路,,,60000
CA10309002,2014/9/18,結案,士林,華岡,二,53,280,未經申請開挖整地,,,60000
AF10309001,2014/9/26,撤銷,文山,公訓,三,;;153;;,222,,,,0
AF10309002,2014/9/26,撤銷,文山,公訓,三,150,95,未依技術規範實施,,,0
CA10309003,2014/9/29,結案,北投,崇仰,二,553,191,未依核定計畫施工,,,60000
CA10309004,2014/9/29,結案,北投,奇岩,一,175,64,未依核定計畫施工,,,60000
CA10310001,2014/10/1,結案,文山,華興,二,972-1,39,未依核定計畫施工,,,60000
CA10310002,2014/10/2,結案,北投,泉源,三,506-14,1100,未依規定期限改正,,,300000
CA10310003,2014/10/8,結案,內湖,大湖,一,2,1950,未經申請開挖闢路,,,100000
CA10310004,2014/10/8,續予處分,北投,湖山,三,;757;,220,未依規定期限改正,,,80000
CA10310005,2014/10/13,續予處分,士林,天玉,一,;24;,746,未依規定期限改正,,,100000
CA10310006,2014/10/13,結案,士林,天玉,一,61,30,未經申請開挖整地,,,60000
CA10310007,2014/10/14,結案,內湖,文德,二,;108-1;,400,未經申請開挖整地,,,60000
AF10310001,2014/10/14,結案,南港,舊莊,一,;254;,500,未依技術規範實施,,,0
CA10310008,2014/10/15,結案,文山,老泉,三,115,150,未經申請開挖闢路,,,60000
AF10310002,2014/10/27,結案,南港,舊莊,三,;292-2;,700,未依技術規範實施,,,0
CA10310009,2014/10/29,結案,文山,頭廷,四,104,20,未依核定計畫施工,,,60000
CA10311001,2014/11/3,結案,文山,頭廷,二,161,74,未經申請開挖闢路,,,60000
CA10311002,2014/11/19,無改正事項,內湖,文德,三,;318;,488,未經申請開挖整地,,,60000
AF10311001,2014/11/28,續予處分,士林,菁山,二,;122;,600,未依技術規範實施,,,0
CA10401001,2015/1/13,結案,士林,天玉,一,24,746,未依規定期限改正,,,150000
CA10401002,2015/1/14,結案,文山,指南,四,509,88,未依規定期限改正,,,80000
AF10401001,2015/1/22,續予處分,北投,新民,四,;221;,450,未依技術規範實施,,,0
CA10401009,2015/1/23,結案,大安,辛亥,四,;559;,180,未經申請開挖整地,,,60000
CA10401004,2015/1/27,結案,內湖,碧山,二,701,150,未經申請開挖整地,,,60000
CA10401005,2015/1/29,結案,士林,天玉,一,;;135;;,356,未經申請開挖整地,,,60000
CA10401006,2015/1/29,結案,北投,新民,四,221,1147,未經申請開挖整地,是,2017/2/2,100000
CA10401007,2015/1/29,結案,北投,行義,一,428,39,未依核定計畫施工,,,60000
CA10401008,2015/1/29,結案,內湖,文德,三,432,184,未依核定計畫施工,,,60000
CA10402001,2015/2/6,結案,北投,湖山,三,;757;,220,未依規定期限改正,,,100000
CA10403001,2015/3/12,結案,內湖,東湖,六,524,350,未依核定計畫施工,,,60000
CA10403002,2015/3/16,結案,士林,菁山,二,122,480,未依技術規範實施,,,60000
CA10403003,2015/3/16,結案,士林,華岡,二,248,165,未依核定計畫施工,,,60000
CA10403004,2015/3/24,結案,文山,萬芳,二,;;302;;,300,未經申請開挖整地,,,60000
CA10403005,2015/3/27,結案,內湖,西湖,二,348,60,未依核定計畫施工,,,60000
CA10403006,2015/3/30,結案,士林,至善,四,136,124,未依核定計畫施工,,,60000
AF10404001,2015/4/9,結案,內湖,大湖,一,;2;,1950,未依技術規範實施,,,0
CA10404001,2015/4/14,結案,南港,中南,一,441,190,未依核定計畫施工,,,60000
CA10404002,2015/4/17,結案,內湖,康寧,一,298,5,未依核定計畫施工,,,60000
CA10404003,2015/4/21,結案,北投,大屯,四,;430;,1880,未經申請開挖整地,,,100000
CA10404004,2015/4/23,結案,士林,新安,四,343-1,300,未經申請開挖整地,,,60000
CA10404005,2015/4/27,結案,北投,湖山,一,32,113,未依核定計畫施工,,,60000
CA10404006,2015/4/29,結案,士林,溪山,三,;229;,100,未經申請開挖整地,,,60000
CA10405001,2015/5/12,結案,文山,萬芳,二,601,930,未依核定計畫施工,,,80000
CA10405002,2015/5/21,結案,南港,舊莊,三,56,108,未經申請開挖整地,,,60000
CA10405003,2015/5/27,結案,士林,菁山,二,30,90,未經申請開挖闢路,,,60000
CA10405004,2015/5/28,結案,士林,平等,三,;616;,45,未經申請開挖闢路,,,60000
AF10406001,2015/5/28,結案,士林,天玉,一,26,746,未依技術規範實施,,,0
CA10406001,2015/6/3,結案,士林,新安,四,;103;,200,未經申請開挖整地,,,60000
CA10406002,2015/6/4,結案,內湖,康寧,三,431-3,99,未依核定計畫施工,,,60000
CA10406003,2015/6/4,結案,北投,湖山,三,;;681;;,158,未經申請開挖整地,,,60000
CA10406004,2015/6/8,結案,大安,辛亥,五,138-1,2762,未依核定計畫施工,,,150000
CA10406005,2015/6/15,撤銷,內湖,碧山,一,;150;,660,未經申請開挖闢路,,,80000
CA10406006,2015/6/16,結案,士林,新安,三,329,160,未依核定計畫施工,,,60000
AF10406002,2015/6/30,結案,中山,北安,一,72,1000,未依技術規範實施,,,0
CA10407001,2015/7/14,結案,內湖,石潭,三,118,32,未依核定計畫施工,,,60000
CA10407002,2015/7/29,結案,內湖,西湖,二,347-1,42,未依核定計畫施工,,,60000
CA10407003,2015/7/30,結案,士林,芝蘭,三,140,9,未依核定計畫施工,,,60000
CA10408001,2015/8/3,結案,內湖,文德,三,318,1480,未依核定計畫施工,,,100000
CA10408002,2015/8/10,結案,北投,泉源,三,166,118,未經申請開挖闢路,,,60000
CA10408003,2015/8/13,結案,文山,興泰,三,531,250,未依核定計畫施工,,,60000
AF10408001,2015/8/14,結案,文山,興泰,二,32,1000,未依技術規範實施,,,0
CA10408004,2015/8/19,結案,士林,華岡,一,511,70,未經申請開挖整地,,,60000
CA10408005,2015/8/21,撤銷,內湖,大湖,三,245,1086,未經申請開挖闢路,,,100000
CA10408006,2015/8/28,續予處分,文山,老泉,三,;325;,112,未依核定計畫施工,,,60000
CA10409001,2015/9/17,撤銷,內湖,文德,三,;318;,1480,未依規定期限改正,,,150000
CA10409002,2015/9/17,結案,南港,舊莊,二,;61;,600,未經申請開挖整地,,,80000
CA10410001,2015/10/6,結案,士林,華岡,二,;53;,280,未經申請開挖整地,,,60000
AF10410001,2015/10/7,續予處分,士林,溪山,三,;263;,450,未依技術規範實施,,,0
CA10410002,2015/10/13,結案,文山,老泉,三,325,112,未依規定期限改正,,,80000
AF10410002,2015/10/15,結案,中山,北安,四,;44;,487,未依技術規範實施,,,0
CA10411001,2015/11/3,結案,內湖,碧山,二,;532;,50,超限利用,,,0
EA10411001,2015/11/24,無改正事項,南港,麗山,二,254,883,未經申請開挖闢路,,,80000
EA10412001,2015/12/17,結案,士林,平等,二,388,125,未經申請開挖整地,,,60000
EA10411002,2015/12/25,結案,北投,大屯,三,413-6,450,未依核定計畫施工,,,60000
EA10309001,2015/12/30,結案,文山,華興,二,971-4,4,未依核定計畫施工,,,60000
EA10412002,2015/12/30,結案,士林,溪山,三,263,450,未依規定期限改正,,,60000
HA10407001,2016/1/8,無改正事項,內湖,文德,三,;318;,1480,未依規定期限改正,,,150000
EA10501001,2016/1/26,續予處分,文山,頭廷,三,;;218;;,80,未依核定計畫施工,,,60000
EA10501002,2016/2/3,結案,北投,大屯,三,279,42,未依核定計畫施工,,,60000
EA10502001,2016/2/18,結案,內湖,西湖,二,134,600,未經申請開挖闢路,,,80000
EA10308001,2016/2/22,結案,北投,崇仰,二,499,62,未依核定計畫施工,,,60000
EA10502002,2016/2/23,續予處分,北投,湖山,三,;;640-2;;,45,未依核定計畫施工,,,60000
EA10408004,2016/3/9,無改正事項,內湖,碧山,一,;150;,180,未經申請開挖闢路,,,60000
EA10502003,2016/3/9,結案,士林,華岡,四,181,711,未依核定計畫施工,,,80000
AF10503001,2016/3/17,結案,內湖,大湖,三,;459;,25,未依技術規範實施,,,0
AF10503002,2016/3/17,結案,士林,新安,六,;329;,120,未依技術規範實施,,,0
EA10503001,2016/4/6,結案,士林,至善,二,148,25,未依核定計畫施工,,,60000
EA10503002,2016/4/8,結案,士林,至善,四,;611;,308,未經申請開挖整地,,,60000
EA10504002,2016/4/11,結案,北投,湖山,一,670-2,307,未依核定計畫施工,,,60000
EA10504001,2016/4/11,結案,北投,崇仰,二,240,14,未依核定計畫施工,,,60000
EA10504003,2016/4/20,結案,北投,崇仰,二,226,23,未依核定計畫施工,,,60000
AF10504001,2016/4/20,結案,內湖,碧山,二,;549;,57,未依技術規範實施,,,0
EA10504004,2016/4/25,結案,北投,大屯,二,399,30,未依核定計畫施工,,,60000
AF10505001,2016/5/23,結案,南港,麗山,二,254,883,未依技術規範實施,,,0
EA10502002_1,2016/5/27,結案,北投,湖山,三,644,45,未依規定期限改正,,,80000
EA10505001,2016/5/30,結案,士林,平等,二,60,75,未經申請開挖整地,,,60000
EA10505002,2016/6/1,結案,士林,天玉,一,;135;,268,未經申請開挖整地,,,60000
EA10505003,2016/6/3,結案,北投,泉源,三,178,815,未依核定計畫施工,,,80000
AF10506001,2016/6/4,結案,南港,舊莊,二,;24;,54,未依技術規範實施,,,0
EA10501001_1,2016/6/4,結案,文山,頭廷,三,218,80,未依規定期限改正,,,60000
EA10401005,2016/6/20,結案,內湖,文德,三,432-1,184,未依核定計畫施工,,,80000
EA10506003,2016/6/22,結案,內湖,東湖,六,416,160,未依核定計畫施工,,,60000
EA10506002,2016/6/24,結案,士林,平等,二,;73;,200,未經申請開挖整地,是,2018/6/29,60000
EA10506004,2016/6/24,結案,文山,頭廷,四,;98;,177,堆積土石,,,60000
EA10507001,2016/7/27,續予處分,士林,翠山,二,609,492,未經申請開挖闢路,,,60000
EA10508001,2016/8/23,結案,內湖,碧山,二,299,36,未經申請開挖整地,,,60000
AF10510001,2016/10/3,結案,大安,辛亥,四,;558-5;,45,未依技術規範實施,,,0
AF10510002,2016/10/5,結案,士林,平等,一,;201-1;,45,未依技術規範實施,,,0
EA10510001,2016/10/12,結案,士林,平等,三,605,100,未依核定計畫施工,,,60000
AF10510003,2016/10/13,結案,士林,平等,二,22068,40,未依技術規範實施,,,0
EA10510002,2016/11/4,結案,南港,大豐,三,708-5,66,未依核定計畫施工,,,60000
EA10507001_1,2016/11/7,撤銷,士林,翠山,二,620,492,未依規定期限改正,,,80000
EA10511001,2016/11/16,結案,南港,舊莊,三,;112;,104,未經申請開挖整地,,,60000
EA10511002,2016/11/24,結案,南港,舊莊,二,101,319,未經申請開挖闢路,,,60000
AF10512001,2016/12/5,結案,內湖,文德,二,;183;,1,未依技術規範實施,,,0
EA10511003,2016/12/8,結案,內湖,碧湖,三,339-3,225,未經申請開挖整地,,,60000
EA10309003,2016/12/20,無改正事項,南港,舊莊,一,254,500,堆積土石,,,60000
EA10601001,2017/1/17,結案,士林,新安,四,198,220,未經申請開挖整地,,,60000
AF10601001,2017/1/18,結案,士林,至善,一,477-5,406,未依技術規範實施,,,0
HA10601001,2017/1/24,結案,南港,中南,一,430,170,未依核定計畫施工,,,60000
EA10601002,2017/1/25,結案,北投,湖山,二,105,7,未依核定計畫施工,,,60000
AF10602001,2017/2/2,結案,南港,大豐,一,;306;,198,未依技術規範實施,,,0
EA10601003,2017/2/7,結案,北投,秀山,三,385,28,未經申請開挖整地,,,60000
HA10602001,2017/2/8,結案,士林,溪山,一,;651;,450,未經申請開挖整地,,,60000
EA10601004,2017/2/14,結案,士林,新安,三,347,15,未依核定計畫施工,,,60000
EA10601005,2017/2/15,結案,內湖,大湖,一,259,360,未經申請開挖闢路,,,60000
EA10405001,2017/2/15,結案,文山,萬芳,二,598,644,未依核定計畫施工,,,80000
FA10602001,2017/2/17,結案,士林,新安,二,;311;,34,未經申請開挖整地,,,60000
AF10603001,2017/3/1,結案,文山,指南,三,;548-2;,43,未依技術規範實施,,,0
EA10602001,2017/3/9,結案,士林,溪山,二,15707,187,未經申請開挖闢路,,,60000
EA10507001_2,2017/3/9,續予處分,士林,翠山,二,620-1,492,未依規定期限改正,,,60000
FA10602002,2017/3/10,結案,士林,芝蘭,二,572-1,381,未經申請開挖整地,,,60000
AF10603002,2017/3/13,結案,南港,舊莊,一,;130;,250,未依技術規範實施,,,0
EA10603001,2017/3/15,結案,北投,泉源,三,;304-1;,300,未經申請開挖整地,,,60000
EA10603002,2017/3/16,結案,士林,新安,五,;772;,35,未經申請開挖整地,,,60000
EA10603003,2017/3/31,結案,內湖,文德,二,108-1,88,未經申請開挖整地,是,2019/4/10,60000
EA10604001,2017/4/13,續予處分,士林,新安,五,;466;,955,未經申請開挖整地,,,80000
EA10604002,2017/5/1,結案,士林,華岡,四,;181;,358,未經申請開挖闢路,是,2019/5/3,60000
EA10605001,2017/5/12,續予處分,士林,新安,三,307,92,未經申請開挖整地,,,60000
EA10308001_1,2017/6/3,續予處分,北投,崇仰,二,;499;,7509,未依核定計畫施工,,,300000
EA10606001,2017/6/12,結案,內湖,大湖,三,284,116,未經申請開挖整地,是,2019/6/14,60000
EA10605002,2017/6/14,結案,北投,新民,二,111,32,未依核定計畫施工,,,60000
EA10604001_1,2017/6/16,結案,士林,新安,五,;466;,955,未依技術規範實施,,,80000
EA10308001_2,2017/6/30,結案,北投,崇仰,二,499,290,未依規定期限改正,,,80000
EA10606002,2017/7/4,結案,北投,行義,二,358,6,未依核定計畫施工,,,60000
EA10606003,2017/7/5,結案,士林,平等,三,616,42,未經申請開挖整地,,,60000
EA10607001,2017/7/20,續予處分,大安,辛亥,四,558,93,未經申請開挖整地,,,60000
EA10608001,2017/8/15,結案,北投,大屯,二,283,135,未經申請開挖整地,,,60000
AF10608001,2017/8/15,續予處分,大安,辛亥,四,;559;,44,未依技術規範實施,,,0
EA10608002,2017/8/18,結案,士林,華岡,五,162,154.18,未經申請開挖闢路,,,60000
EA10608003,2017/9/4,結案,士林,平等,三,333,1644,未經申請開挖整地,,,100000
EA10608004,2017/9/7,續予處分,士林,新安,五,579,220,未經申請開挖整地,,,60000
EA10607001_1,2017/9/7,結案,大安,辛亥,四,558-1,137,未依規定期限改正,,,60000
EA10609001,2017/9/15,結案,士林,溪山,三,258-1,450,未經申請開挖闢路,是,2019/9/18,60000
EA10609002,2017/9/26,結案,士林,天玉,一,934-1,166,未依核定計畫施工,,,60000
FA10608001,2017/9/27,結案,內湖,西湖,二,438,365,未經申請開挖闢路,,,60000
EA10609004,2017/10/13,結案,士林,華岡,四,611,6,未經申請開挖闢路,,,60000
EA10507001_3,2017/10/13,續予處分,士林,翠山,二,609,492,未依規定期限改正,,,80000
EA10609003,2017/10/13,結案,士林,溪山,一,;624;,410,未經申請開挖整地,,,60000
EA10610001,2017/11/1,結案,文山,興安,一,360-4,106,未經申請開挖闢路,,,60000
EA10611001,2017/11/22,結案,內湖,石潭,一,;252;,992,未經申請開挖整地,,,80000
EA10610002,2017/11/23,結案,北投,泉源,三,166-21,45,未經申請開挖整地,,,60000
EA10611002,2017/11/24,續予處分,士林,華岡,四,;615;,2141,未經申請開挖整地,,,150000
FA10610001,2017/11/27,續予處分,文山,草湳,三,48,328,未經申請開挖闢路,,,60000
EA10611003,2017/12/14,結案,北投,泉源,二,;56;,50,未經申請開挖整地,,,60000
EA10507001_4,2017/12/14,續予處分,士林,翠山,二,618,492,未依技術規範實施,,,100000
EA10611004,2017/12/19,續予處分,士林,天玉,一,45687,880,未經申請開挖闢路,,,80000
FA10610001_1,2018/1/8,結案,文山,草湳,三,49,328,未依規定期限改正,,,80000
EA10612001,2018/1/10,結案,文山,博嘉,三,529,15,未依核定計畫施工,,,60000
EA10612002,2018/1/12,續予處分,北投,泉源,三,;178;,200,未經申請開挖整地,,,60000
EA10507001_5,2018/1/23,結案,士林,翠山,二,618,492,未依技術規範實施,,,150000
EA10701001,2018/1/26,續予處分,北投,泉源,三,;178;,484,未經申請開挖闢路,是,2020/1/29,80000
EA10610003,2018/2/2,結案,文山,華興,四,1023-27,9,未依技術規範實施,,,60000
EA10611005,2018/2/14,結案,文山,政大,一,132,3,未依規定期限改正,,,60000
EA10611002_1,2018/2/23,結案,士林,華岡,四,604-1,2142,未依規定期限改正,,,300000
EA10702001,2018/3/6,結案,信義,永春,三,33,110,未經申請開挖整地,,,60000
EA10610005,2018/3/6,結案,北投,秀山,三,82,236,未經申請開挖整地,,,60000
EA10702002,2018/3/8,結案,士林,新安,四,124-5,464,未依核定計畫施工,,,60000
EA10605001_1,2018/3/9,結案,士林,新安,三,307,92,未依規定期限改正,,,80000
EA10612002_1,2018/3/9,結案,北投,泉源,三,178,468,未依規定期限改正,是,2020/3/13,100000
EA10702003,2018/3/12,結案,北投,桃源,三,160,708,未依核定計畫施工,,,80000
EA10703001,2018/3/28,結案,士林,華岡,四,210-1,1336,未依核定計畫施工,,,100000
EA10703002,2018/4/26,結案,士林,福林,二,15,12,未經申請開挖整地,,,60000
FA10704001,2018/5/1,續予處分,士林,芝蘭,三,224,2184,未經申請開挖整地,,,150000
EA10704001,2018/5/8,結案,北投,崇仰,二,196,127,未依核定計畫施工,,,60000
EA10704002,2018/5/22,結案,北投,大屯,三,346-3,624,未經申請開挖闢路,,,80000
EA10705001,2018/6/6,結案,士林,新安,四,224,40,未依技術規範實施,,,60000
EA10611004_1,2018/6/6,結案,士林,天玉,一,45687,880,未依規定期限改正,,,100000
EA10705002,2018/6/7,結案,內湖,碧山,二,306,84,未經申請開挖整地,,,60000
FA10704001_1,2018/6/11,結案,士林,芝蘭,三,224,2184,未依規定期限改正,,,200000
EA10706001,2018/6/19,結案,中山,北安,一,23408,82,未經申請開挖整地,,,60000
EA10706002,2018/6/27,結案,內湖,康寧,一,315,18,未依核定計畫施工,,,60000
EA10707001,2018/8/3,結案,北投,大屯,二,250,756,未經申請開挖闢路,,,80000
EA10707002,2018/8/10,結案,內湖,大湖,三,62,333,未經申請開挖闢路,,,60000
FA10707001,2018/8/17,結案,內湖,康寧,二,200,968,未經申請開挖闢路,,,80000
EA10708002,2018/8/21,結案,北投,泉源,三,178,481,未經申請開挖整地,是,2020/8/23,150000
EA10708003,2018/9/28,結案,士林,至善,二,229-4,300,未經申請開挖整地,,,60000
EA10709001,2018/10/3,結案,士林,芝蘭,二,222,452,未經申請開挖闢路,,,60000
EA10710002,2018/10/29,結案,內湖,康寧,二,120-2,45,未經申請開挖闢路,,,80000
EA10710001,2018/10/30,結案,內湖,文德,三,32203,167,未依核定計畫施工,,,60000
EA10711001,2018/11/6,結案,北投,湖山,三,897-13,18,未經申請開挖闢路,,,60000
EA10711002,2018/11/14,結案,士林,至善,四,751-2,25,未經申請開挖整地,,,60000
EA10711003,2018/11/26,結案,北投,行義,一,54,6,未依核定計畫施工,,,60000
EA10712001,2018/12/11,結案,內湖,文德,三,336-14,219,未依核定計畫施工,,,60000
EA10608004_1,2018/12/28,續予處分,士林,新安,五,579,220,未依技術規範實施,,,60000
FA10711001,2019/1/2,續予處分,士林,平等,二,22068,59,未經申請開挖整地,是,2021/1/16,200000
EA10801001,2019/1/10,結案,北投,泉源,四,744-1,337,未經申請開挖闢路,,,60000
FA10711001_1,2019/1/25,結案,士林,平等,二,60,59,未經申請開挖整地,,,300000
EA10608004_2,2019/1/29,結案,士林,新安,五,579,220,未依技術規範實施,,,80000
EA10708002_1,2019/2/14,無改正事項,北投,泉源,三,178,481,堆積土石,,,60000
EA10802001,2019/3/7,續予處分,北投,泉源,四,771,2953,未經申請開挖整地,,,150000
EA10803001,2019/3/12,結案,北投,崇仰,一,471,148,未經申請開挖整地,,,60000
AF10803002,2019/3/15,續予處分,士林,平等,二,163,105,未依技術規範實施,,,0
EA10803002,2019/3/22,結案,中山,北安,四,112,245,未經申請開挖闢路,,,60000
EA10803003,2019/4/1,結案,士林,芝蘭,二,222,47,未經申請開挖闢路,是,2021/4/8,80000
EA10802001_1,2019/4/15,結案,北投,泉源,四,771,98,未依規定期限改正,,,80000
EA10804001,2019/4/19,結案,士林,華岡,四,605,10,未經申請開挖闢路,是,2021/4/24,60000
EA10804002,2019/4/23,結案,士林,平等,二,163,105,未依技術規範實施,,,100000
EA10804003,2019/4/24,結案,士林,天玉,二,297,172,未經申請開挖整地,,,60000
EA10805001,2019/5/29,續予處分,內湖,東湖,六,531-1,115,未經申請開挖整地,,,60000
EA10805002,2019/5/30,續予處分,內湖,大湖,一,218,3800,未經申請開挖整地,,,200000
EA10805003,2019/6/10,續予處分,信義,犁和,一,505,400,未經申請開挖闢路,,,60000
EA10806001,2019/6/11,結案,士林,華岡,五,162,943,未經申請開挖闢路,,,80000
EA10805002_1,2019/7/10,結案,內湖,大湖,一,217,3800,未經申請開挖整地,,,300000
EA10805003_1,2019/7/18,結案,信義,犁和,一,504,400,未經申請開挖闢路,,,80000
HA10807001,2019/7/30,結案,北投,崇仰,三,230-1,370,未依核定計畫施工,,,60000
EA10809001,2019/9/10,結案,內湖,碧山,一,312-1,255,未依核定計畫施工,,,60000
EA10809002,2019/10/2,續予處分,北投,行義,一,511,45,未依核定計畫施工,,,60000
EA10810001,2019/10/8,結案,北投,湖田,一,338,187,未經申請開挖整地,,,60000
EA10810002,2019/10/30,結案,北投,秀山,三,295-2,50,未經申請開挖闢路,,,60000
FA10810001,2019/11/4,結案,士林,新安,五,158,46,未經申請開挖整地,,,60000
EA10811001,2019/11/7,續予處分,北投,大屯,二,215,184,未經申請開挖整地,,,60000
EA10809002_1,2019/12/2,結案,北投,行義,一,511,45,未依規定期限改正,,,80000
EA10811002,2019/12/4,結案,南港,麗山,四,235,12,未依核定計畫施工,,,60000
EA10812001,2019/12/6,結案,內湖,康寧,二,11355,97,未經申請開挖整地,,,60000
EA10805001_1,2019/12/16,結案,內湖,東湖,六,531-1,115,未經申請開挖整地,,,80000
EA10811001_1,2019/12/17,結案,北投,大屯,二,214,184,未經申請開挖整地,,,80000
EA10812002,2019/12/24,結案,內湖,碧山,三,176,75,未經申請開挖整地,,,60000
EA10812003,2019/12/26,結案,北投,崇仰,一,465,640,未經申請開挖闢路,是,2021/12/27,80000
EA10901001,2020/1/15,結案,士林,溪山,二,516-4,63,未經申請開挖整地,,,60000
EA10901002,2020/1/16,結案,士林,芝蘭,二,438,770,未經申請開挖整地,,,80000
EA10903001,2020/3/20,結案,北投,崇仰,四,666-2,1880,未經申請開挖整地,,,100000
EA10903002,2020/3/27,結案,北投,泉源,四,728-1,108,未依核定計畫施工,,,60000
EA10903003,2020/3/30,結案,北投,新民,四,222,300,未依核定計畫施工,,,60000
EA10904002,2020/4/21,結案,北投,秀山,三,316,100,未依核定計畫施工,,,60000
EA10905001,2020/5/27,續予處分,士林,至善,一,478,72,未經申請開挖整地,,,60000
EA10906001,2020/6/18,結案,南港,麗山,二,258,883,未經申請開挖闢路,,,80000
EA10906002,2020/7/3,結案,文山,指南,二,163,218,未依核定計畫施工,,,60000
EA10905001_1,2020/7/6,結案,士林,至善,一,479,72,未經申請開挖整地,,,80000
EA10906003,2020/7/7,結案,士林,芝蘭,三,117-4,100,未依核定計畫施工,,,60000
EA10907001,2020/7/21,結案,大安,辛亥,五,138,433,未依核定計畫施工,,,60000
EA10908001,2020/8/18,結案,內湖,大湖,一,94,1300,未經申請開挖整地,,,100000
EA10907002,2020/8/27,結案,南港,大豐,三,35,216,未經申請開挖整地,,,60000
EA10908002,2020/9/1,結案,內湖,西湖,二,45686,274,未依核定計畫施工,,,60000
HA10910001,2020/11/4,結案,北投,崇仰,三,227-7,15,未依核定計畫施工,,,60000
EA10911001,2020/11/18,結案,文山,興泰,三,439-3,185,未依核定計畫施工,,,60000
EA10911002,2020/11/18,結案,文山,興泰,三,362,41,未依核定計畫施工,,,60000
EA10911003,2020/11/26,結案,士林,芝蘭,二,222,97,未經申請開挖闢路,是,2022/12/3,60000
EA10911004,2020/12/4,結案,內湖,碧湖,二,505-6,18,未經申請開挖整地,,,60000
EA10912001,2020/12/15,續予處分,南港,麗山,四,336-1,436,未依技術規範實施,,,60000
EA10912002,2021/1/12,結案,北投,泉源,四,316-1,335,未經申請開挖闢路,,,60000
EA10912001_1,2021/1/13,續予處分,南港,麗山,四,393,436,未依規定期限改正,,,80000
HA10912001,2021/1/25,結案,士林,力行,三,251,150,未經申請開挖整地,,,60000
FA11001001,2021/2/1,結案,士林,華岡,二,53,796,未經申請開挖闢路,,,80000
EA10912001_2,2021/3/2,續予處分,南港,麗山,四,355,416,未依規定期限改正,,,100000
EA10912001_3,2021/3/26,結案,南港,麗山,四,336-3,379,未依規定期限改正,,,150000
EA11004001,2021/4/21,結案,士林,芝蘭,四,465,946,未依核定計畫施工,,,80000
EA10805002_2,2021/4/28,無改正事項,內湖,碧山,一,425,3800,未經申請開挖整地,,,300000
EA11004002,2021/4/29,結案,士林,溪山,三,263-1,450,未依技術規範實施,,,60000
HA11005001,2021/5/13,結案,文山,公訓,二,501,99,未依核定計畫施工,,,60000
EA11007001,2021/7/28,結案,士林,新安,四,20121,143,未經申請開挖整地,,,60000
EA11007002,2021/7/29,結案,文山,頭廷,二,34,190,未依核定計畫施工,,,60000
EA11007003,2021/7/29,結案,南港,舊莊,二,320,240,未經申請開挖整地,,,80000
EA11007004,2021/8/2,結案,士林,華岡,一,236,280,未經申請開挖整地,,,60000
EA11009001,2021/9/14,結案,內湖,碧山,二,369,488,未經申請開挖整地,,,60000
FA11009001,2021/9/28,結案,北投,桃源,五,747,400,未經申請開挖整地,,,60000
EA11009002,2021/9/29,續予處分,北投,泉源,三,88,300,未經申請開挖整地,,,60000
EA11010001,2021/10/18,結案,北投,崇仰,二,308,347,未經申請開挖整地,,,60000
HA11010001,2021/11/8,無改正事項,北投,大屯,二,47150,35,未經申請開挖整地,,,60000
EA11011001,2021/12/3,續予處分,北投,關渡,三,284,680,未經申請開挖整地,,,80000
HA11012001,2021/12/14,結案,文山,公訓,二,501,201,未依核定計畫施工,,,60000
EA11011002,2021/12/15,無改正事項,信義,福德,四,137-5,34,未依核定計畫施工,,,60000
EA11012001,2021/12/28,結案,士林,福林,二,15,23,未經申請開挖整地,是,2023/12/29,60000
EA11012002,2022/1/6,結案,士林,至善,七,87,1350,未經申請開挖整地,,,100000
EA11009002_1,2022/1/14,結案,北投,泉源,四,15,258,未依規定期限改正,,,80000
EA11101001,2022/1/21,結案,南港,中南,四,551-2,298,未依核定計畫施工,,,60000
HA11010002,2022/1/22,結案,北投,大屯,二,47150,18,未經申請開挖整地,,,60000
EA11102001,2022/3/8,結案,文山,頭廷,一,348,366,未經申請開挖整地,,,60000
EA11102002,2022/3/15,結案,文山,頭廷,二,118,43,未經申請開挖整地,,,60000
EA11103001,2022/3/21,結案,士林,新安,四,530-1,80,未依核定計畫施工,,,60000
IT11100004,2022/3/21,結案,士林,芝蘭,四,465,300,未依核定計畫施工,,,80000
EA11103002,2022/3/25,結案,文山,頭廷,一,298,279,未經申請開挖闢路,,,60000
EA11104001,2022/4/18,結案,南港,麗山,三,92,136,未經申請開挖整地,,,60000
EA11105001,2022/5/26,結案,士林,溪山,三,633,75,未經申請開挖整地,,,60000
EA11105002,2022/6/2,結案,北投,大屯,一,587,75,未經申請開挖闢路,,,60000
EA11105003,2022/6/6,續予處分,內湖,大湖,一,16469,4600,未經申請開挖闢路,是,2024/6/8,300000
EA11106001,2022/6/13,結案,北投,泉源,四,744-1,260,未經申請開挖闢路,,,60000
EA11011001_1,2022/6/15,結案,北投,關渡,三,285,680,未依規定期限改正,,,100000
HA11106002,2022/6/30,結案,大安,辛亥,五,230-4,584,未依核定計畫施工,,,80000
EA11105003_1,2022/6/30,結案,內湖,大湖,一,16438,4600,未依規定期限改正,,,300000
EA11106002,2022/7/5,結案,南港,舊莊,二,306,79,未經申請開挖整地,是,2024/7/6,60000
EA11107001,2022/7/5,結案,文山,頭廷,二,82,28,未經申請開挖整地,,,60000
EA11107002,2022/7/14,結案,信義,福德,四,139-11,30,未依核定計畫施工,,,60000
EA11108001,2022/8/5,結案,士林,新安,四,103,150,未經申請開挖整地,,,60000
EA11108002,2022/8/12,結案,南港,大豐,二,192-1,144,未依規定期限改正,,,60000
EA11108003,2022/8/31,結案,士林,華岡,四,181-2,469,未經申請開挖闢路,是,2024/9/2,60000
EA11108004,2022/9/2,結案,士林,至善,七,89,650,未經申請開挖整地,是,2024/9/7,80000
EA11111001,2022/11/29,續予處分,南港,麗山,四,336-1,32540,未依技術規範實施,是,2024/12/2,300000
EA11201001,2023/1/30,結案,士林,至善,七,89,575,未經申請開挖整地,是,2025/1/31,80000
EA11202001,2023/2/17,結案,士林,華岡,四,605,120,未經申請開挖闢路,是,2025/2/21,60000
EA11202002,2023/2/22,結案,士林,天玉,一,135,27,未經申請開挖整地,,,60000
EA11202003,2023/3/3,結案,士林,菁山,二,31533,64,未經申請開挖整地,,,60000
EA11111001_1,2023/3/7,續予處分,南港,麗山,四,358-6,32540,未依規定期限改正,,,300000
FA11202001,2023/3/16,結案,內湖,碧山,二,388,375,未經申請開挖闢路,,,60000
EA11111001_2,2023/5/8,續予處分,南港,麗山,四,358,32540,未依規定期限改正,,,300000
EA11205001,2023/6/1,結案,士林,溪山,三,306,32,未依核定計畫施工,,,60000
EA11111001_3,2023/6/8,續予處分,南港,麗山,四,349-1,32540,未依規定期限改正,,,300000
EA11206001,2023/6/12,續予處分,士林,平等,一,417,739,未經申請開挖闢路,,,80000
EA11206002,2023/6/26,結案,內湖,康寧,二,45685,28,未依核定計畫施工,,,60000
EA11111001_4,2023/7/10,續予處分,南港,麗山,四,336-2,32540,未依規定期限改正,,,300000
EA11207001,2023/7/13,結案,士林,福林,二,504-1,5,未經申請開挖整地,,,60000
EA11207002,2023/7/27,結案,內湖,東湖,六,452-2,96,未經申請開挖整地,,,60000
GA11207001,2023/8/2,無改正事項,士林,至善,七,83,150,未經申請開挖整地,,,60000
EA11111001_5,2023/8/10,續予處分,南港,麗山,四,355,32540,未依規定期限改正,,,300000
EA11206001_1,2023/8/21,結案,士林,平等,一,417,739,未依規定期限改正,,,100000
EA11111001_6,2023/9/11,續予處分,南港,麗山,四,317,32540,未依規定期限改正,,,300000
EA11210002,2023/10/6,結案,士林,芝蘭,二,572-2,40,未經申請開挖闢路,,,60000
EA11210001,2023/10/6,結案,士林,芝蘭,二,572-15,9,未經申請開挖闢路,,,60000
EA11210003,2023/10/11,結案,士林,天玉,三,15,217,未經申請開挖整地,,,60000
EA11111001_7,2023/10/11,續予處分,南港,麗山,四,395,32540,未依規定期限改正,,,300000
EA11111001_8,2023/11/10,續予處分,南港,麗山,四,350,32540,未依規定期限改正,,,300000
EA11211001,2023/12/4,結案,內湖,碧山,二,750-3,310,未經申請開挖闢路,,,60000
EA11111001_9,2023/12/11,續予處分,南港,麗山,四,335,32540,未依規定期限改正,,,300000
GA11211001,2023/12/25,結案,內湖,東湖,六,468,591,未經申請開挖整地,,,80000
EA11111001_10,2024/1/9,續予處分,南港,麗山,四,355-1,32540,未依規定期限改正,,,300000
EA11301001,2024/1/18,結案,,,,,160,未經申請開挖整地,,,60000
EA11301002,2024/2/1,結案,,,,,97,開挖整地;;新建擋土牆,,,60000
EA11111001_11,2024/2/17,續予處分,,,,,32540,未依規定期限改正,,,300000
EA11111001_12,2024/3/25,結案,,,,,3250,未依規定期限改正,,,200000
FA11303001,2024/4/16,結案,,,,,152,開挖整地;;新建擋土牆,,,60000
FA10711001_2,2024/4/17,無改正事項,,,,,59,開挖整地,,,60000
HA11304001,2024/4/25,續予處分,,,,,332,開挖整地;;新建擋土牆,,,60000
EA11304001,2024/5/8,結案,,,,,253,未依核定計畫施工,,,60000
EA11305001,2024/5/15,結案,,,,,47,開挖整地,,,60000
HA11304001_1,2024/5/30,結案,,,,,332,未依規定期限改正,,,80000
EA11305002,2024/6/7,結案,,,,,475,開挖整地,,,60000
EA11306001,2024/6/14,結案,,,,,132,開挖整地;;變更已完工水土保持設施,,,60000
EA11306002,2024/6/21,結案,,,,,25,未依核定計畫施工,,,60000
EA11307001,2024/7/22,結案,,,,,93,未依核定計畫施工,,,60000
EA11310001,2024/10/21,結案,,,,,412,開挖整地,,,60000
EA11311001,2024/11/18,結案,,,,,194,開挖整地,,,100000
